ts,symbol,exchange,kind,ltp,bid,ask,spread,volume,oi,open,high,low,prev_close
2026-08-05T15:25:01.092,NIFTY,NSE_INDEX,spot,24570.2,,,,0,0,24669.2,24677.6,24497.95,24614.9
2026-08-05T15:25:01.722,SENSEX,BSE_INDEX,spot,78501.85,,,,0,0,79055.38,79055.38,78285.74,78428.95
2026-08-05T15:25:02.177,INDIAVIX,NSE_INDEX,spot,12.05,,,,0,0,12.19,12.67,10.81,12.19
2026-08-05T15:25:02.723,NIFTY25AUG26FUT,NFO,future,24645.0,24645.0,24647.8,2.8,2846285,12363325,24715.0,24740.0,24565.0,24555.6
2026-08-05T15:25:03.299,SENSEX27AUG26FUT,BFO,future,78840.0,78850.0,78859.6,9.6,23380,35500,78932.0,79211.3,78612.9,78652.85
2026-08-05T15:25:03.828,NIFTY,NSE_INDEX,spot,24570.2,,,,0,0,24669.2,24677.6,24497.95,24614.9
2026-08-05T15:25:04.414,SENSEX,BSE_INDEX,spot,78501.85,,,,0,0,79055.38,79055.38,78285.74,78428.95
2026-08-05T15:25:04.943,INDIAVIX,NSE_INDEX,spot,12.04,,,,0,0,12.19,12.67,10.81,12.19
2026-08-05T15:25:05.475,NIFTY25AUG26FUT,NFO,future,24647.8,24645.0,24647.8,2.8,2846610,12363325,24715.0,24740.0,24565.0,24555.6
2026-08-05T15:25:05.973,SENSEX27AUG26FUT,BFO,future,78840.0,78841.0,78846.0,5.0,23380,35500,78932.0,79211.3,78612.9,78652.85
2026-08-05T15:25:06.571,NIFTY,NSE_INDEX,spot,24570.2,,,,0,0,24669.2,24677.6,24497.95,24614.9
2026-08-05T15:25:07.165,SENSEX,BSE_INDEX,spot,78501.85,,,,0,0,79055.38,79055.38,78285.74,78428.95
2026-08-05T15:25:07.675,INDIAVIX,NSE_INDEX,spot,12.04,,,,0,0,12.19,12.67,10.81,12.19
2026-08-05T15:25:08.226,NIFTY25AUG26FUT,NFO,future,24638.0,24635.0,24640.8,5.8,2849730,12363325,24715.0,24740.0,24565.0,24555.6
2026-08-05T15:25:08.775,SENSEX27AUG26FUT,BFO,future,78837.0,78821.1,78824.15,3.05,23660,35500,78932.0,79211.3,78612.9,78652.85
2026-08-05T15:25:09.342,NIFTY,NSE_INDEX,spot,24570.2,,,,0,0,24669.2,24677.6,24497.95,24614.9
2026-08-05T15:25:09.872,SENSEX,BSE_INDEX,spot,78501.85,,,,0,0,79055.38,79055.38,78285.74,78428.95
2026-08-05T15:25:10.434,INDIAVIX,NSE_INDEX,spot,12.06,,,,0,0,12.19,12.67,10.81,12.19
2026-08-05T15:25:10.974,NIFTY25AUG26FUT,NFO,future,24634.0,24634.0,24639.6,5.6,2850250,12363325,24715.0,24740.0,24565.0,24555.6
2026-08-05T15:25:11.526,SENSEX27AUG26FUT,BFO,future,78821.1,78776.7,78830.55,53.85,23680,35500,78932.0,79211.3,78612.9,78652.85
2026-08-05T15:25:12.063,NIFTY,NSE_INDEX,spot,24570.2,,,,0,0,24669.2,24677.6,24497.95,24614.9
2026-08-05T15:25:12.575,SENSEX,BSE_INDEX,spot,78501.85,,,,0,0,79055.38,79055.38,78285.74,78428.95
2026-08-05T15:25:13.172,INDIAVIX,NSE_INDEX,spot,12.09,,,,0,0,12.19,12.67,10.81,12.19
2026-08-05T15:25:13.670,NIFTY25AUG26FUT,NFO,future,24634.0,24634.0,24639.9,5.9,2850315,12363325,24715.0,24740.0,24565.0,24555.6
2026-08-05T15:25:14.320,SENSEX27AUG26FUT,BFO,future,78821.1,78777.0,78839.15,62.15,23680,35500,78932.0,79211.3,78612.9,78652.85
2026-08-05T15:25:14.834,NIFTY,NSE_INDEX,spot,24570.2,,,,0,0,24669.2,24677.6,24497.95,24614.9
2026-08-05T15:25:15.385,SENSEX,BSE_INDEX,spot,78501.85,,,,0,0,79055.38,79055.38,78285.74,78428.95
2026-08-05T15:25:15.868,INDIAVIX,NSE_INDEX,spot,12.06,,,,0,0,12.19,12.67,10.81,12.19
2026-08-05T15:25:16.475,NIFTY25AUG26FUT,NFO,future,24639.9,24635.9,24644.6,8.7,2850575,12363325,24715.0,24740.0,24565.0,24555.6
2026-08-05T15:25:17.021,SENSEX27AUG26FUT,BFO,future,78821.1,78772.5,78838.55,66.05,23680,35500,78932.0,79211.3,78612.9,78652.85
2026-08-05T15:25:17.541,NIFTY,NSE_INDEX,spot,24570.2,,,,0,0,24669.2,24677.6,24497.95,24614.9
2026-08-05T15:25:18.134,SENSEX,BSE_INDEX,spot,78501.85,,,,0,0,79055.38,79055.38,78285.74,78428.95
2026-08-05T15:25:18.672,INDIAVIX,NSE_INDEX,spot,12.05,,,,0,0,12.19,12.67,10.81,12.19
2026-08-05T15:25:19.227,NIFTY25AUG26FUT,NFO,future,24636.9,24636.9,24644.5,7.6,2850640,12363325,24715.0,24740.0,24565.0,24555.6
2026-08-05T15:25:19.775,SENSEX27AUG26FUT,BFO,future,78821.1,78787.1,78844.65,57.55,23680,35500,78932.0,79211.3,78612.9,78652.85
2026-08-05T15:25:20.272,NIFTY,NSE_INDEX,spot,24570.2,,,,0,0,24669.2,24677.6,24497.95,24614.9
2026-08-05T15:25:20.913,SENSEX,BSE_INDEX,spot,78501.85,,,,0,0,79055.38,79055.38,78285.74,78428.95
2026-08-05T15:25:21.425,INDIAVIX,NSE_INDEX,spot,12.07,,,,0,0,12.19,12.67,10.81,12.19
2026-08-05T15:25:21.922,NIFTY25AUG26FUT,NFO,future,24637.8,24638.0,24645.0,7.0,2850900,12363325,24715.0,24740.0,24565.0,24555.6
2026-08-05T15:25:22.522,SENSEX27AUG26FUT,BFO,future,78821.1,78806.0,78843.0,37.0,23680,35500,78932.0,79211.3,78612.9,78652.85
2026-08-05T15:25:23.019,NIFTY,NSE_INDEX,spot,24570.2,,,,0,0,24669.2,24677.6,24497.95,24614.9
2026-08-05T15:25:23.622,SENSEX,BSE_INDEX,spot,78501.85,,,,0,0,79055.38,79055.38,78285.74,78428.95
2026-08-05T15:25:24.173,INDIAVIX,NSE_INDEX,spot,12.07,,,,0,0,12.19,12.67,10.81,12.19
2026-08-05T15:25:24.728,NIFTY25AUG26FUT,NFO,future,24637.8,24637.6,24644.9,7.3,2850900,12363325,24715.0,24740.0,24565.0,24555.6
2026-08-05T15:25:25.224,SENSEX27AUG26FUT,BFO,future,78821.1,78798.05,78821.1,23.05,23680,35500,78932.0,79211.3,78612.9,78652.85
2026-08-05T15:25:25.773,NIFTY,NSE_INDEX,spot,24570.2,,,,0,0,24669.2,24677.6,24497.95,24614.9
2026-08-05T15:25:26.374,SENSEX,BSE_INDEX,spot,78501.85,,,,0,0,79055.38,79055.38,78285.74,78428.95
2026-08-05T15:25:26.928,INDIAVIX,NSE_INDEX,spot,12.07,,,,0,0,12.19,12.67,10.81,12.19
2026-08-05T15:25:27.426,NIFTY25AUG26FUT,NFO,future,24637.8,24637.8,24642.0,4.2,2850900,12363325,24715.0,24740.0,24565.0,24555.6
2026-08-05T15:25:27.975,SENSEX27AUG26FUT,BFO,future,78821.1,78805.35,78821.1,15.75,23680,35500,78932.0,79211.3,78612.9,78652.85
2026-08-05T15:25:28.584,NIFTY,NSE_INDEX,spot,24570.2,,,,0,0,24669.2,24677.6,24497.95,24614.9
2026-08-05T15:25:29.130,SENSEX,BSE_INDEX,spot,78501.85,,,,0,0,79055.38,79055.38,78285.74,78428.95
2026-08-05T15:25:29.635,INDIAVIX,NSE_INDEX,spot,12.07,,,,0,0,12.19,12.67,10.81,12.19
2026-08-05T15:25:30.175,NIFTY25AUG26FUT,NFO,future,24644.9,24640.3,24644.9,4.6,2851030,12363325,24715.0,24740.0,24565.0,24555.6
2026-08-05T15:25:30.773,SENSEX27AUG26FUT,BFO,future,78821.1,78802.7,78821.1,18.4,23680,35500,78932.0,79211.3,78612.9,78652.85
2026-08-05T15:25:31.328,NIFTY,NSE_INDEX,spot,24570.2,,,,0,0,24669.2,24677.6,24497.95,24614.9
2026-08-05T15:25:31.820,SENSEX,BSE_INDEX,spot,78501.85,,,,0,0,79055.38,79055.38,78285.74,78428.95
2026-08-05T15:25:32.432,INDIAVIX,NSE_INDEX,spot,12.07,,,,0,0,12.19,12.67,10.81,12.19
2026-08-05T15:25:32.970,NIFTY25AUG26FUT,NFO,future,24644.9,24642.0,24644.9,2.9,2851030,12363325,24715.0,24740.0,24565.0,24555.6
2026-08-05T15:25:33.525,SENSEX27AUG26FUT,BFO,future,78821.1,78785.8,78820.0,34.2,23680,35500,78932.0,79211.3,78612.9,78652.85
2026-08-05T15:25:34.070,NIFTY,NSE_INDEX,spot,24570.2,,,,0,0,24669.2,24677.6,24497.95,24614.9
2026-08-05T15:25:34.630,SENSEX,BSE_INDEX,spot,78501.85,,,,0,0,79055.38,79055.38,78285.74,78428.95
2026-08-05T15:25:35.173,INDIAVIX,NSE_INDEX,spot,12.07,,,,0,0,12.19,12.67,10.81,12.19
2026-08-05T15:25:35.761,NIFTY25AUG26FUT,NFO,future,24642.2,24642.1,24644.0,1.9,2851030,12363325,24715.0,24740.0,24565.0,24555.6
2026-08-05T15:25:36.283,SENSEX27AUG26FUT,BFO,future,78821.1,78787.95,78820.0,32.05,23680,35500,78932.0,79211.3,78612.9,78652.85
2026-08-05T15:25:36.772,NIFTY,NSE_INDEX,spot,24570.2,,,,0,0,24669.2,24677.6,24497.95,24614.9
2026-08-05T15:25:37.327,SENSEX,BSE_INDEX,spot,78501.85,,,,0,0,79055.38,79055.38,78285.74,78428.95
2026-08-05T15:25:37.916,INDIAVIX,NSE_INDEX,spot,12.07,,,,0,0,12.19,12.67,10.81,12.19
2026-08-05T15:25:38.468,NIFTY25AUG26FUT,NFO,future,24642.2,24642.0,24644.0,2.0,2851160,12363325,24715.0,24740.0,24565.0,24555.6
2026-08-05T15:25:39.027,SENSEX27AUG26FUT,BFO,future,78821.1,78809.8,78820.0,10.2,23680,35500,78932.0,79211.3,78612.9,78652.85
2026-08-05T15:25:39.571,NIFTY,NSE_INDEX,spot,24570.2,,,,0,0,24669.2,24677.6,24497.95,24614.9
2026-08-05T15:25:40.128,SENSEX,BSE_INDEX,spot,78501.85,,,,0,0,79055.38,79055.38,78285.74,78428.95
2026-08-05T15:25:40.650,INDIAVIX,NSE_INDEX,spot,12.07,,,,0,0,12.19,12.67,10.81,12.19
2026-08-05T15:25:41.180,NIFTY25AUG26FUT,NFO,future,24642.0,24637.8,24642.9,5.1,2851225,12363325,24715.0,24740.0,24565.0,24555.6
2026-08-05T15:25:41.784,SENSEX27AUG26FUT,BFO,future,78821.1,78785.0,78820.0,35.0,23680,35500,78932.0,79211.3,78612.9,78652.85
2026-08-05T15:25:42.331,NIFTY,NSE_INDEX,spot,24570.2,,,,0,0,24669.2,24677.6,24497.95,24614.9
2026-08-05T15:25:42.874,SENSEX,BSE_INDEX,spot,78501.85,,,,0,0,79055.38,79055.38,78285.74,78428.95
2026-08-05T15:25:43.435,INDIAVIX,NSE_INDEX,spot,12.07,,,,0,0,12.19,12.67,10.81,12.19
2026-08-05T15:25:43.966,NIFTY25AUG26FUT,NFO,future,24637.9,24638.1,24642.9,4.8,2851290,12363195,24715.0,24740.0,24565.0,24555.6
2026-08-05T15:25:44.544,SENSEX27AUG26FUT,BFO,future,78821.1,78810.6,78820.0,9.4,23680,35500,78932.0,79211.3,78612.9,78652.85
2026-08-05T15:25:45.101,NIFTY,NSE_INDEX,spot,24570.2,,,,0,0,24669.2,24677.6,24497.95,24614.9
2026-08-05T15:25:45.658,SENSEX,BSE_INDEX,spot,78501.85,,,,0,0,79055.38,79055.38,78285.74,78428.95
2026-08-05T15:25:46.133,INDIAVIX,NSE_INDEX,spot,12.07,,,,0,0,12.19,12.67,10.81,12.19
2026-08-05T15:25:46.671,NIFTY25AUG26FUT,NFO,future,24638.3,24638.4,24643.0,4.6,2851355,12363195,24715.0,24740.0,24565.0,24555.6
2026-08-05T15:25:47.224,SENSEX27AUG26FUT,BFO,future,78820.0,78811.05,78850.0,38.95,23700,35500,78932.0,79211.3,78612.9,78652.85
2026-08-05T15:25:47.779,NIFTY,NSE_INDEX,spot,24570.2,,,,0,0,24669.2,24677.6,24497.95,24614.9
2026-08-05T15:25:48.365,SENSEX,BSE_INDEX,spot,78501.85,,,,0,0,79055.38,79055.38,78285.74,78428.95
2026-08-05T15:25:48.900,INDIAVIX,NSE_INDEX,spot,12.07,,,,0,0,12.19,12.67,10.81,12.19
2026-08-05T15:25:49.422,NIFTY25AUG26FUT,NFO,future,24643.0,24638.0,24643.9,5.9,2851420,12363195,24715.0,24740.0,24565.0,24555.6
2026-08-05T15:25:49.969,SENSEX27AUG26FUT,BFO,future,78820.0,78804.8,78844.95,40.15,23700,35500,78932.0,79211.3,78612.9,78652.85
2026-08-05T15:25:50.520,NIFTY,NSE_INDEX,spot,24570.2,,,,0,0,24669.2,24677.6,24497.95,24614.9
2026-08-05T15:25:51.074,SENSEX,BSE_INDEX,spot,78501.85,,,,0,0,79055.38,79055.38,78285.74,78428.95
2026-08-05T15:25:51.621,INDIAVIX,NSE_INDEX,spot,12.07,,,,0,0,12.19,12.67,10.81,12.19
2026-08-05T15:25:52.172,NIFTY25AUG26FUT,NFO,future,24642.0,24637.8,24642.0,4.2,2851550,12363195,24715.0,24740.0,24565.0,24555.6
2026-08-05T15:25:52.720,SENSEX27AUG26FUT,BFO,future,78820.0,78790.75,78835.65,44.9,23700,35500,78932.0,79211.3,78612.9,78652.85
2026-08-05T15:25:53.282,NIFTY,NSE_INDEX,spot,24570.2,,,,0,0,24669.2,24677.6,24497.95,24614.9
2026-08-05T15:25:53.831,SENSEX,BSE_INDEX,spot,78501.85,,,,0,0,79055.38,79055.38,78285.74,78428.95
2026-08-05T15:25:54.419,INDIAVIX,NSE_INDEX,spot,12.05,,,,0,0,12.19,12.67,10.81,12.19
2026-08-05T15:25:54.926,NIFTY25AUG26FUT,NFO,future,24642.0,24637.8,24643.9,6.1,2851745,12363195,24715.0,24740.0,24565.0,24555.6
2026-08-05T15:25:55.473,SENSEX27AUG26FUT,BFO,future,78820.0,78778.5,78833.1,54.6,23700,35500,78932.0,79211.3,78612.9,78652.85
2026-08-05T15:25:56.025,NIFTY,NSE_INDEX,spot,24570.2,,,,0,0,24669.2,24677.6,24497.95,24614.9
2026-08-05T15:25:56.582,SENSEX,BSE_INDEX,spot,78501.85,,,,0,0,79055.38,79055.38,78285.74,78428.95
2026-08-05T15:25:57.145,INDIAVIX,NSE_INDEX,spot,12.05,,,,0,0,12.19,12.67,10.81,12.19
2026-08-05T15:25:57.673,NIFTY25AUG26FUT,NFO,future,24642.0,24637.8,24643.9,6.1,2851810,12363195,24715.0,24740.0,24565.0,24555.6
2026-08-05T15:25:58.249,SENSEX27AUG26FUT,BFO,future,78779.1,78778.65,78815.0,36.35,23720,35500,78932.0,79211.3,78612.9,78652.85
2026-08-05T15:25:58.774,NIFTY,NSE_INDEX,spot,24570.2,,,,0,0,24669.2,24677.6,24497.95,24614.9
2026-08-05T15:25:59.328,SENSEX,BSE_INDEX,spot,78501.85,,,,0,0,79055.38,79055.38,78285.74,78428.95
2026-08-05T15:25:59.876,INDIAVIX,NSE_INDEX,spot,12.07,,,,0,0,12.19,12.67,10.81,12.19
2026-08-05T15:26:00.432,NIFTY25AUG26FUT,NFO,future,24640.8,24635.0,24640.7,5.7,2852070,12363195,24715.0,24740.0,24565.0,24555.6
2026-08-05T15:26:01.019,SENSEX27AUG26FUT,BFO,future,78779.1,78774.85,78813.75,38.9,23720,35500,78932.0,79211.3,78612.9,78652.85
2026-08-05T15:26:02.094,NIFTY,NSE_INDEX,spot,24570.2,,,,0,0,24669.2,24677.6,24497.95,24614.9
2026-08-05T15:26:03.189,SENSEX,BSE_INDEX,spot,78501.85,,,,0,0,79055.38,79055.38,78285.74,78428.95
2026-08-05T15:26:04.347,INDIAVIX,NSE_INDEX,spot,12.1,,,,0,0,12.19,12.67,10.81,12.19
2026-08-05T15:26:05.432,NIFTY25AUG26FUT,NFO,future,24635.0,24635.0,24641.0,6.0,2852200,12363195,24715.0,24740.0,24565.0,24555.6
2026-08-05T15:26:05.930,SENSEX27AUG26FUT,BFO,future,78779.1,78765.85,78810.5,44.65,23720,35500,78932.0,79211.3,78612.9,78652.85
2026-08-05T15:26:06.528,NIFTY,NSE_INDEX,spot,24570.2,,,,0,0,24669.2,24677.6,24497.95,24614.9
2026-08-05T15:26:07.022,SENSEX,BSE_INDEX,spot,78501.85,,,,0,0,79055.38,79055.38,78285.74,78428.95
2026-08-05T15:26:07.574,INDIAVIX,NSE_INDEX,spot,12.1,,,,0,0,12.19,12.67,10.81,12.19
2026-08-05T15:26:08.129,NIFTY25AUG26FUT,NFO,future,24635.0,24634.0,24635.0,1.0,2853110,12363195,24715.0,24740.0,24565.0,24555.6
2026-08-05T15:26:08.753,SENSEX27AUG26FUT,BFO,future,78779.1,78766.2,78813.4,47.2,23720,35960,78932.0,79211.3,78612.9,78652.85
2026-08-05T15:26:09.230,NIFTY,NSE_INDEX,spot,24570.2,,,,0,0,24669.2,24677.6,24497.95,24614.9
2026-08-05T15:26:09.779,SENSEX,BSE_INDEX,spot,78501.85,,,,0,0,79055.38,79055.38,78285.74,78428.95
2026-08-05T15:26:10.359,INDIAVIX,NSE_INDEX,spot,12.1,,,,0,0,12.19,12.67,10.81,12.19
2026-08-05T15:26:10.876,NIFTY25AUG26FUT,NFO,future,24629.6,24629.6,24635.0,5.4,2854735,12363195,24715.0,24740.0,24565.0,24555.6
2026-08-05T15:26:11.445,SENSEX27AUG26FUT,BFO,future,78779.1,78770.05,78822.45,52.4,23720,35960,78932.0,79211.3,78612.9,78652.85
2026-08-05T15:26:12.007,NIFTY,NSE_INDEX,spot,24570.2,,,,0,0,24669.2,24677.6,24497.95,24614.9
2026-08-05T15:26:12.524,SENSEX,BSE_INDEX,spot,78501.85,,,,0,0,79055.38,79055.38,78285.74,78428.95
2026-08-05T15:26:13.128,INDIAVIX,NSE_INDEX,spot,12.07,,,,0,0,12.19,12.67,10.81,12.19
2026-08-05T15:26:13.622,NIFTY25AUG26FUT,NFO,future,24635.0,24633.7,24635.0,1.3,2857400,12363195,24715.0,24740.0,24565.0,24555.6
2026-08-05T15:26:14.178,SENSEX27AUG26FUT,BFO,future,78779.1,78773.85,78828.3,54.45,23720,35960,78932.0,79211.3,78612.9,78652.85
2026-08-05T15:26:14.745,NIFTY,NSE_INDEX,spot,24570.2,,,,0,0,24669.2,24677.6,24497.95,24614.9
2026-08-05T15:26:15.273,SENSEX,BSE_INDEX,spot,78501.85,,,,0,0,79055.38,79055.38,78285.74,78428.95
2026-08-05T15:26:15.826,INDIAVIX,NSE_INDEX,spot,12.07,,,,0,0,12.19,12.67,10.81,12.19
2026-08-05T15:26:16.413,NIFTY25AUG26FUT,NFO,future,24640.0,24633.3,24641.9,8.6,2858050,12363195,24715.0,24740.0,24565.0,24555.6
2026-08-05T15:26:16.927,SENSEX27AUG26FUT,BFO,future,78779.1,78773.0,78824.15,51.15,23720,35960,78932.0,79211.3,78612.9,78652.85
2026-08-05T15:26:17.511,NIFTY,NSE_INDEX,spot,24570.2,,,,0,0,24669.2,24677.6,24497.95,24614.9
2026-08-05T15:26:18.086,SENSEX,BSE_INDEX,spot,78501.85,,,,0,0,79055.38,79055.38,78285.74,78428.95
2026-08-05T15:26:18.617,INDIAVIX,NSE_INDEX,spot,12.06,,,,0,0,12.19,12.67,10.81,12.19
2026-08-05T15:26:19.131,NIFTY25AUG26FUT,NFO,future,24640.0,24633.3,24641.9,8.6,2858050,12363195,24715.0,24740.0,24565.0,24555.6
2026-08-05T15:26:19.676,SENSEX27AUG26FUT,BFO,future,78779.1,78774.6,78828.2,53.6,23720,35960,78932.0,79211.3,78612.9,78652.85
2026-08-05T15:26:20.229,NIFTY,NSE_INDEX,spot,24570.2,,,,0,0,24669.2,24677.6,24497.95,24614.9
2026-08-05T15:26:20.814,SENSEX,BSE_INDEX,spot,78501.85,,,,0,0,79055.38,79055.38,78285.74,78428.95
2026-08-05T15:26:21.330,INDIAVIX,NSE_INDEX,spot,12.05,,,,0,0,12.19,12.67,10.81,12.19
2026-08-05T15:26:21.869,NIFTY25AUG26FUT,NFO,future,24640.0,24634.3,24641.9,7.6,2858115,12363195,24715.0,24740.0,24565.0,24555.6
2026-08-05T15:26:22.421,SENSEX27AUG26FUT,BFO,future,78779.1,78781.0,78828.65,47.65,23720,35960,78932.0,79211.3,78612.9,78652.85
2026-08-05T15:26:22.969,NIFTY,NSE_INDEX,spot,24570.2,,,,0,0,24669.2,24677.6,24497.95,24614.9
2026-08-05T15:26:23.588,SENSEX,BSE_INDEX,spot,78501.85,,,,0,0,79055.38,79055.38,78285.74,78428.95
2026-08-05T15:26:24.077,INDIAVIX,NSE_INDEX,spot,12.04,,,,0,0,12.19,12.67,10.81,12.19
2026-08-05T15:26:24.657,NIFTY25AUG26FUT,NFO,future,24640.0,24634.3,24642.0,7.7,2858180,12363195,24715.0,24740.0,24565.0,24555.6
2026-08-05T15:26:25.174,SENSEX27AUG26FUT,BFO,future,78779.1,78784.35,78827.95,43.6,23720,35960,78932.0,79211.3,78612.9,78652.85
2026-08-05T15:26:25.722,NIFTY,NSE_INDEX,spot,24570.2,,,,0,0,24669.2,24677.6,24497.95,24614.9
2026-08-05T15:26:26.273,SENSEX,BSE_INDEX,spot,78501.85,,,,0,0,79055.38,79055.38,78285.74,78428.95
2026-08-05T15:26:26.845,INDIAVIX,NSE_INDEX,spot,12.05,,,,0,0,12.19,12.67,10.81,12.19
2026-08-05T15:26:27.383,NIFTY25AUG26FUT,NFO,future,24641.9,24634.3,24641.9,7.6,2858180,12363195,24715.0,24740.0,24565.0,24555.6
2026-08-05T15:26:27.925,SENSEX27AUG26FUT,BFO,future,78779.1,78780.55,78825.85,45.3,23720,35960,78932.0,79211.3,78612.9,78652.85
2026-08-05T15:26:28.479,NIFTY,NSE_INDEX,spot,24570.2,,,,0,0,24669.2,24677.6,24497.95,24614.9
2026-08-05T15:26:29.023,SENSEX,BSE_INDEX,spot,78501.85,,,,0,0,79055.38,79055.38,78285.74,78428.95
2026-08-05T15:26:29.572,INDIAVIX,NSE_INDEX,spot,12.07,,,,0,0,12.19,12.67,10.81,12.19
2026-08-05T15:26:30.121,NIFTY25AUG26FUT,NFO,future,24643.0,24634.5,24642.0,7.5,2858375,12363195,24715.0,24740.0,24565.0,24555.6
2026-08-05T15:26:30.677,SENSEX27AUG26FUT,BFO,future,78779.1,78778.55,78825.0,46.45,23720,35960,78932.0,79211.3,78612.9,78652.85
2026-08-05T15:26:31.226,NIFTY,NSE_INDEX,spot,24570.2,,,,0,0,24669.2,24677.6,24497.95,24614.9
2026-08-05T15:26:31.770,SENSEX,BSE_INDEX,spot,78501.85,,,,0,0,79055.38,79055.38,78285.74,78428.95
2026-08-05T15:26:32.326,INDIAVIX,NSE_INDEX,spot,12.07,,,,0,0,12.19,12.67,10.81,12.19
2026-08-05T15:26:32.873,NIFTY25AUG26FUT,NFO,future,24634.7,24634.4,24635.0,0.6,2858700,12363195,24715.0,24740.0,24565.0,24555.6
2026-08-05T15:26:33.424,SENSEX27AUG26FUT,BFO,future,78779.1,78787.0,78824.3,37.3,23720,35960,78932.0,79211.3,78612.9,78652.85
2026-08-05T15:26:33.973,NIFTY,NSE_INDEX,spot,24570.2,,,,0,0,24669.2,24677.6,24497.95,24614.9
2026-08-05T15:26:34.520,SENSEX,BSE_INDEX,spot,78501.85,,,,0,0,79055.38,79055.38,78285.74,78428.95
2026-08-05T15:26:35.075,INDIAVIX,NSE_INDEX,spot,12.04,,,,0,0,12.19,12.67,10.81,12.19
2026-08-05T15:26:35.622,NIFTY25AUG26FUT,NFO,future,24635.0,24634.4,24635.0,0.6,2858700,12363195,24715.0,24740.0,24565.0,24555.6
2026-08-05T15:26:36.170,SENSEX27AUG26FUT,BFO,future,78779.1,78787.3,78824.85,37.55,23720,35960,78932.0,79211.3,78612.9,78652.85
2026-08-05T15:26:36.721,NIFTY,NSE_INDEX,spot,24570.2,,,,0,0,24669.2,24677.6,24497.95,24614.9
2026-08-05T15:26:37.276,SENSEX,BSE_INDEX,spot,78501.85,,,,0,0,79055.38,79055.38,78285.74,78428.95
2026-08-05T15:26:37.834,INDIAVIX,NSE_INDEX,spot,12.05,,,,0,0,12.19,12.67,10.81,12.19
2026-08-05T15:26:38.376,NIFTY25AUG26FUT,NFO,future,24635.0,24634.4,24640.0,5.6,2858830,12363195,24715.0,24740.0,24565.0,24555.6
2026-08-05T15:26:38.945,SENSEX27AUG26FUT,BFO,future,78787.3,78776.95,78821.65,44.7,23740,35960,78932.0,79211.3,78612.9,78652.85
2026-08-05T15:26:39.487,NIFTY,NSE_INDEX,spot,24570.2,,,,0,0,24669.2,24677.6,24497.95,24614.9
2026-08-05T15:26:40.022,SENSEX,BSE_INDEX,spot,78501.85,,,,0,0,79055.38,79055.38,78285.74,78428.95
2026-08-05T15:26:40.574,INDIAVIX,NSE_INDEX,spot,12.07,,,,0,0,12.19,12.67,10.81,12.19
2026-08-05T15:26:41.131,NIFTY25AUG26FUT,NFO,future,24640.0,24635.0,24640.0,5.0,2858895,12363195,24715.0,24740.0,24565.0,24555.6
2026-08-05T15:26:41.700,SENSEX27AUG26FUT,BFO,future,78821.6,78785.35,78822.3,36.95,23760,35960,78932.0,79211.3,78612.9,78652.85
2026-08-05T15:26:42.231,NIFTY,NSE_INDEX,spot,24570.2,,,,0,0,24669.2,24677.6,24497.95,24614.9
2026-08-05T15:26:42.772,SENSEX,BSE_INDEX,spot,78501.85,,,,0,0,79055.38,79055.38,78285.74,78428.95
2026-08-05T15:26:43.328,INDIAVIX,NSE_INDEX,spot,12.06,,,,0,0,12.19,12.67,10.81,12.19
2026-08-05T15:26:43.881,NIFTY25AUG26FUT,NFO,future,24635.0,24635.0,24642.0,7.0,2859025,12362675,24715.0,24740.0,24565.0,24555.6
2026-08-05T15:26:44.429,SENSEX27AUG26FUT,BFO,future,78821.6,78789.0,78825.0,36.0,23760,35960,78932.0,79211.3,78612.9,78652.85
2026-08-05T15:26:44.985,NIFTY,NSE_INDEX,spot,24570.2,,,,0,0,24669.2,24677.6,24497.95,24614.9
2026-08-05T15:26:45.531,SENSEX,BSE_INDEX,spot,78501.85,,,,0,0,79055.38,79055.38,78285.74,78428.95
2026-08-05T15:26:46.070,INDIAVIX,NSE_INDEX,spot,12.06,,,,0,0,12.19,12.67,10.81,12.19
2026-08-05T15:26:46.627,NIFTY25AUG26FUT,NFO,future,24635.0,24635.1,24642.0,6.9,2859480,12362675,24715.0,24740.0,24565.0,24555.6
2026-08-05T15:26:47.174,SENSEX27AUG26FUT,BFO,future,78821.6,78789.5,78825.0,35.5,23760,35960,78932.0,79211.3,78612.9,78652.85
2026-08-05T15:26:47.729,NIFTY,NSE_INDEX,spot,24570.2,,,,0,0,24669.2,24677.6,24497.95,24614.9
2026-08-05T15:26:48.270,SENSEX,BSE_INDEX,spot,78501.85,,,,0,0,79055.38,79055.38,78285.74,78428.95
2026-08-05T15:26:48.822,INDIAVIX,NSE_INDEX,spot,12.03,,,,0,0,12.19,12.67,10.81,12.19
2026-08-05T15:26:49.374,NIFTY25AUG26FUT,NFO,future,24635.0,24636.3,24639.9,3.6,2859480,12362675,24715.0,24740.0,24565.0,24555.6
2026-08-05T15:26:49.923,SENSEX27AUG26FUT,BFO,future,78821.6,78796.5,78825.0,28.5,23760,35960,78932.0,79211.3,78612.9,78652.85
2026-08-05T15:26:50.475,NIFTY,NSE_INDEX,spot,24570.2,,,,0,0,24669.2,24677.6,24497.95,24614.9
2026-08-05T15:26:51.027,SENSEX,BSE_INDEX,spot,78501.85,,,,0,0,79055.38,79055.38,78285.74,78428.95
2026-08-05T15:26:51.577,INDIAVIX,NSE_INDEX,spot,12.04,,,,0,0,12.19,12.67,10.81,12.19
2026-08-05T15:26:52.144,NIFTY25AUG26FUT,NFO,future,24635.0,24637.8,24639.9,2.1,2859480,12362675,24715.0,24740.0,24565.0,24555.6
2026-08-05T15:26:52.675,SENSEX27AUG26FUT,BFO,future,78821.6,78802.4,78825.0,22.6,23760,35960,78932.0,79211.3,78612.9,78652.85
2026-08-05T15:26:53.222,NIFTY,NSE_INDEX,spot,24570.2,,,,0,0,24669.2,24677.6,24497.95,24614.9
2026-08-05T15:26:53.774,SENSEX,BSE_INDEX,spot,78501.85,,,,0,0,79055.38,79055.38,78285.74,78428.95
2026-08-05T15:26:54.341,INDIAVIX,NSE_INDEX,spot,12.04,,,,0,0,12.19,12.67,10.81,12.19
2026-08-05T15:26:54.890,NIFTY25AUG26FUT,NFO,future,24640.0,24640.9,24642.0,1.1,2859870,12362675,24715.0,24740.0,24565.0,24555.6
2026-08-05T15:26:55.429,SENSEX27AUG26FUT,BFO,future,78821.6,78809.5,78825.0,15.5,23760,35960,78932.0,79211.3,78612.9,78652.85
2026-08-05T15:26:55.973,NIFTY,NSE_INDEX,spot,24570.2,,,,0,0,24669.2,24677.6,24497.95,24614.9
2026-08-05T15:26:56.523,SENSEX,BSE_INDEX,spot,78501.85,,,,0,0,79055.38,79055.38,78285.74,78428.95
2026-08-05T15:26:57.073,INDIAVIX,NSE_INDEX,spot,12.03,,,,0,0,12.19,12.67,10.81,12.19
2026-08-05T15:26:57.619,NIFTY25AUG26FUT,NFO,future,24641.4,24641.1,24643.0,1.9,2860130,12362675,24715.0,24740.0,24565.0,24555.6
2026-08-05T15:26:58.174,SENSEX27AUG26FUT,BFO,future,78821.6,78814.85,78825.0,10.15,23760,35960,78932.0,79211.3,78612.9,78652.85
2026-08-05T15:26:58.731,NIFTY,NSE_INDEX,spot,24570.2,,,,0,0,24669.2,24677.6,24497.95,24614.9
2026-08-05T15:26:59.286,SENSEX,BSE_INDEX,spot,78501.85,,,,0,0,79055.38,79055.38,78285.74,78428.95
2026-08-05T15:26:59.835,INDIAVIX,NSE_INDEX,spot,12.03,,,,0,0,12.19,12.67,10.81,12.19
2026-08-05T15:27:00.384,NIFTY25AUG26FUT,NFO,future,24643.2,24642.4,24643.0,0.6,2860130,12362675,24715.0,24740.0,24565.0,24555.6
2026-08-05T15:27:00.961,SENSEX27AUG26FUT,BFO,future,78821.6,78816.25,78825.0,8.75,23760,35960,78932.0,79211.3,78612.9,78652.85
2026-08-05T15:27:01.472,NIFTY,NSE_INDEX,spot,24570.2,,,,0,0,24669.2,24677.6,24497.95,24614.9
2026-08-05T15:27:02.021,SENSEX,BSE_INDEX,spot,78501.85,,,,0,0,79055.38,79055.38,78285.74,78428.95
2026-08-05T15:27:02.599,INDIAVIX,NSE_INDEX,spot,12.03,,,,0,0,12.19,12.67,10.81,12.19
2026-08-05T15:27:03.121,NIFTY25AUG26FUT,NFO,future,24644.0,24643.8,24644.0,0.2,2861170,12362675,24715.0,24740.0,24565.0,24555.6
2026-08-05T15:27:03.675,SENSEX27AUG26FUT,BFO,future,78825.0,78806.9,78861.9,55.0,23780,35960,78932.0,79211.3,78612.9,78652.85
2026-08-05T15:27:04.222,NIFTY,NSE_INDEX,spot,24570.2,,,,0,0,24669.2,24677.6,24497.95,24614.9
2026-08-05T15:27:04.794,SENSEX,BSE_INDEX,spot,78501.85,,,,0,0,79055.38,79055.38,78285.74,78428.95
2026-08-05T15:27:05.327,INDIAVIX,NSE_INDEX,spot,12.03,,,,0,0,12.19,12.67,10.81,12.19
2026-08-05T15:27:05.885,NIFTY25AUG26FUT,NFO,future,24645.0,24644.8,24645.0,0.2,2862795,12362675,24715.0,24740.0,24565.0,24555.6
2026-08-05T15:27:06.435,SENSEX27AUG26FUT,BFO,future,78825.0,78820.0,78876.1,56.1,23780,35960,78932.0,79211.3,78612.9,78652.85
2026-08-05T15:27:06.972,NIFTY,NSE_INDEX,spot,24570.2,,,,0,0,24669.2,24677.6,24497.95,24614.9
2026-08-05T15:27:07.533,SENSEX,BSE_INDEX,spot,78501.85,,,,0,0,79055.38,79055.38,78285.74,78428.95
2026-08-05T15:27:08.069,INDIAVIX,NSE_INDEX,spot,12.03,,,,0,0,12.19,12.67,10.81,12.19
2026-08-05T15:27:08.623,NIFTY25AUG26FUT,NFO,future,24646.1,24646.3,24648.0,1.7,2863640,12362675,24715.0,24740.0,24565.0,24555.6
2026-08-05T15:27:09.171,SENSEX27AUG26FUT,BFO,future,78825.0,78838.95,78888.8,49.85,23780,35960,78932.0,79211.3,78612.9,78652.85
2026-08-05T15:27:09.738,NIFTY,NSE_INDEX,spot,24570.2,,,,0,0,24669.2,24677.6,24497.95,24614.9
2026-08-05T15:27:10.294,SENSEX,BSE_INDEX,spot,78501.85,,,,0,0,79055.38,79055.38,78285.74,78428.95
2026-08-05T15:27:10.843,INDIAVIX,NSE_INDEX,spot,12.03,,,,0,0,12.19,12.67,10.81,12.19
2026-08-05T15:27:11.375,NIFTY25AUG26FUT,NFO,future,24651.0,24649.8,24650.0,0.2,2866500,12362675,24715.0,24740.0,24565.0,24555.6
2026-08-05T15:27:11.925,SENSEX27AUG26FUT,BFO,future,78825.0,78854.25,78900.0,45.75,23780,35960,78932.0,79211.3,78612.9,78652.85
2026-08-05T15:27:12.476,NIFTY,NSE_INDEX,spot,24570.2,,,,0,0,24669.2,24677.6,24497.95,24614.9
2026-08-05T15:27:13.023,SENSEX,BSE_INDEX,spot,78501.85,,,,0,0,79055.38,79055.38,78285.74,78428.95
2026-08-05T15:27:13.569,INDIAVIX,NSE_INDEX,spot,12.04,,,,0,0,12.19,12.67,10.81,12.19
2026-08-05T15:27:14.192,NIFTY25AUG26FUT,NFO,future,24652.1,24651.7,24651.9,0.2,2875015,12362675,24715.0,24740.0,24565.0,24555.6
2026-08-05T15:27:14.673,SENSEX27AUG26FUT,BFO,future,78825.0,78856.7,78900.0,43.3,23780,35960,78932.0,79211.3,78612.9,78652.85
2026-08-05T15:27:15.221,NIFTY,NSE_INDEX,spot,24570.2,,,,0,0,24669.2,24677.6,24497.95,24614.9
2026-08-05T15:27:15.775,SENSEX,BSE_INDEX,spot,78501.85,,,,0,0,79055.38,79055.38,78285.74,78428.95
2026-08-05T15:27:16.329,INDIAVIX,NSE_INDEX,spot,12.02,,,,0,0,12.19,12.67,10.81,12.19
2026-08-05T15:27:16.871,NIFTY25AUG26FUT,NFO,future,24653.0,24652.6,24653.9,1.3,2875535,12362675,24715.0,24740.0,24565.0,24555.6
2026-08-05T15:27:17.432,SENSEX27AUG26FUT,BFO,future,78825.0,78855.9,78900.0,44.1,23780,35960,78932.0,79211.3,78612.9,78652.85
2026-08-05T15:27:17.972,NIFTY,NSE_INDEX,spot,24570.2,,,,0,0,24669.2,24677.6,24497.95,24614.9
2026-08-05T15:27:18.524,SENSEX,BSE_INDEX,spot,78501.85,,,,0,0,79055.38,79055.38,78285.74,78428.95
2026-08-05T15:27:19.072,INDIAVIX,NSE_INDEX,spot,12.02,,,,0,0,12.19,12.67,10.81,12.19
2026-08-05T15:27:19.621,NIFTY25AUG26FUT,NFO,future,24653.9,24652.2,24653.9,1.7,2875730,12362675,24715.0,24740.0,24565.0,24555.6
2026-08-05T15:27:20.170,SENSEX27AUG26FUT,BFO,future,78825.0,78822.65,78876.15,53.5,23780,35960,78932.0,79211.3,78612.9,78652.85
2026-08-05T15:27:20.891,NIFTY,NSE_INDEX,spot,24570.2,,,,0,0,24669.2,24677.6,24497.95,24614.9
2026-08-05T15:27:21.270,SENSEX,BSE_INDEX,spot,78501.85,,,,0,0,79055.38,79055.38,78285.74,78428.95
2026-08-05T15:27:21.825,INDIAVIX,NSE_INDEX,spot,12.03,,,,0,0,12.19,12.67,10.81,12.19
2026-08-05T15:27:22.375,NIFTY25AUG26FUT,NFO,future,24650.0,24650.0,24653.8,3.8,2875925,12362675,24715.0,24740.0,24565.0,24555.6
2026-08-05T15:27:22.921,SENSEX27AUG26FUT,BFO,future,78825.0,78814.45,78881.55,67.1,23780,35960,78932.0,79211.3,78612.9,78652.85
2026-08-05T15:27:23.472,NIFTY,NSE_INDEX,spot,24570.2,,,,0,0,24669.2,24677.6,24497.95,24614.9
2026-08-05T15:27:24.025,SENSEX,BSE_INDEX,spot,78501.85,,,,0,0,79055.38,79055.38,78285.74,78428.95
2026-08-05T15:27:24.574,INDIAVIX,NSE_INDEX,spot,12.03,,,,0,0,12.19,12.67,10.81,12.19
2026-08-05T15:27:25.147,NIFTY25AUG26FUT,NFO,future,24645.1,24644.0,24650.0,6.0,2876575,12362675,24715.0,24740.0,24565.0,24555.6
2026-08-05T15:27:25.679,SENSEX27AUG26FUT,BFO,future,78825.0,78824.55,78877.2,52.65,23780,35960,78932.0,79211.3,78612.9,78652.85
2026-08-05T15:27:26.224,NIFTY,NSE_INDEX,spot,24570.2,,,,0,0,24669.2,24677.6,24497.95,24614.9
2026-08-05T15:27:26.844,SENSEX,BSE_INDEX,spot,78501.85,,,,0,0,79055.38,79055.38,78285.74,78428.95
2026-08-05T15:27:27.322,INDIAVIX,NSE_INDEX,spot,12.04,,,,0,0,12.19,12.67,10.81,12.19
2026-08-05T15:27:27.879,NIFTY25AUG26FUT,NFO,future,24643.1,24647.0,24650.0,3.0,2877030,12362675,24715.0,24740.0,24565.0,24555.6
2026-08-05T15:27:28.431,SENSEX27AUG26FUT,BFO,future,78825.0,78819.5,78873.25,53.75,23780,35960,78932.0,79211.3,78612.9,78652.85
2026-08-05T15:27:28.975,NIFTY,NSE_INDEX,spot,24570.2,,,,0,0,24669.2,24677.6,24497.95,24614.9
2026-08-05T15:27:29.533,SENSEX,BSE_INDEX,spot,78501.85,,,,0,0,79055.38,79055.38,78285.74,78428.95
2026-08-05T15:27:30.098,INDIAVIX,NSE_INDEX,spot,12.03,,,,0,0,12.19,12.67,10.81,12.19
2026-08-05T15:27:30.626,NIFTY25AUG26FUT,NFO,future,24643.1,24646.3,24650.0,3.7,2877030,12362675,24715.0,24740.0,24565.0,24555.6
2026-08-05T15:27:31.214,SENSEX27AUG26FUT,BFO,future,78825.0,78831.7,78898.35,66.65,23780,35960,78932.0,79211.3,78612.9,78652.85
2026-08-05T15:27:31.785,NIFTY,NSE_INDEX,spot,24570.2,,,,0,0,24669.2,24677.6,24497.95,24614.9
2026-08-05T15:27:32.284,SENSEX,BSE_INDEX,spot,78501.85,,,,0,0,79055.38,79055.38,78285.74,78428.95
2026-08-05T15:27:32.837,INDIAVIX,NSE_INDEX,spot,12.04,,,,0,0,12.19,12.67,10.81,12.19
2026-08-05T15:27:33.376,NIFTY25AUG26FUT,NFO,future,24650.0,24645.3,24650.0,4.7,2877030,12362675,24715.0,24740.0,24565.0,24555.6
2026-08-05T15:27:33.920,SENSEX27AUG26FUT,BFO,future,78825.0,78833.85,78882.95,49.1,23780,35960,78932.0,79211.3,78612.9,78652.85
2026-08-05T15:27:34.574,NIFTY,NSE_INDEX,spot,24570.2,,,,0,0,24669.2,24677.6,24497.95,24614.9
2026-08-05T15:27:35.116,SENSEX,BSE_INDEX,spot,78501.85,,,,0,0,79055.38,79055.38,78285.74,78428.95
2026-08-05T15:27:35.572,INDIAVIX,NSE_INDEX,spot,12.02,,,,0,0,12.19,12.67,10.81,12.19
2026-08-05T15:27:36.123,NIFTY25AUG26FUT,NFO,future,24650.0,24645.4,24650.0,4.6,2877095,12362675,24715.0,24740.0,24565.0,24555.6
2026-08-05T15:27:36.721,SENSEX27AUG26FUT,BFO,future,78825.0,78837.9,78888.65,50.75,23780,35960,78932.0,79211.3,78612.9,78652.85
2026-08-05T15:27:37.240,NIFTY,NSE_INDEX,spot,24570.2,,,,0,0,24669.2,24677.6,24497.95,24614.9
2026-08-05T15:27:37.777,SENSEX,BSE_INDEX,spot,78501.85,,,,0,0,79055.38,79055.38,78285.74,78428.95
2026-08-05T15:27:38.322,INDIAVIX,NSE_INDEX,spot,12.02,,,,0,0,12.19,12.67,10.81,12.19
2026-08-05T15:27:38.870,NIFTY25AUG26FUT,NFO,future,24650.0,24645.3,24650.0,4.7,2877160,12362675,24715.0,24740.0,24565.0,24555.6
2026-08-05T15:27:39.422,SENSEX27AUG26FUT,BFO,future,78825.0,78828.1,78887.15,59.05,23780,35960,78932.0,79211.3,78612.9,78652.85
2026-08-05T15:27:39.972,NIFTY,NSE_INDEX,spot,24570.2,,,,0,0,24669.2,24677.6,24497.95,24614.9
2026-08-05T15:27:40.549,SENSEX,BSE_INDEX,spot,78501.85,,,,0,0,79055.38,79055.38,78285.74,78428.95
2026-08-05T15:27:41.073,INDIAVIX,NSE_INDEX,spot,12.02,,,,0,0,12.19,12.67,10.81,12.19
2026-08-05T15:27:41.627,NIFTY25AUG26FUT,NFO,future,24650.0,24645.3,24650.0,4.7,2877225,12362675,24715.0,24740.0,24565.0,24555.6
2026-08-05T15:27:42.213,SENSEX27AUG26FUT,BFO,future,78825.0,78839.95,78884.7,44.75,23780,35960,78932.0,79211.3,78612.9,78652.85
2026-08-05T15:27:42.722,NIFTY,NSE_INDEX,spot,24570.2,,,,0,0,24669.2,24677.6,24497.95,24614.9
2026-08-05T15:27:43.282,SENSEX,BSE_INDEX,spot,78501.85,,,,0,0,79055.38,79055.38,78285.74,78428.95
2026-08-05T15:27:43.827,INDIAVIX,NSE_INDEX,spot,12.02,,,,0,0,12.19,12.67,10.81,12.19
2026-08-05T15:27:44.378,NIFTY25AUG26FUT,NFO,future,24643.6,24643.3,24649.8,6.5,2877550,12363910,24715.0,24740.0,24565.0,24555.6
2026-08-05T15:27:44.937,SENSEX27AUG26FUT,BFO,future,78825.0,78829.35,78879.5,50.15,23780,35960,78932.0,79211.3,78612.9,78652.85
2026-08-05T15:27:45.476,NIFTY,NSE_INDEX,spot,24570.2,,,,0,0,24669.2,24677.6,24497.95,24614.9
2026-08-05T15:27:46.022,SENSEX,BSE_INDEX,spot,78501.85,,,,0,0,79055.38,79055.38,78285.74,78428.95
2026-08-05T15:27:46.579,INDIAVIX,NSE_INDEX,spot,12.03,,,,0,0,12.19,12.67,10.81,12.19
2026-08-05T15:27:47.132,NIFTY25AUG26FUT,NFO,future,24643.7,24643.8,24649.8,6.0,2877550,12363910,24715.0,24740.0,24565.0,24555.6
2026-08-05T15:27:47.677,SENSEX27AUG26FUT,BFO,future,78825.0,78843.1,78881.3,38.2,23780,35960,78932.0,79211.3,78612.9,78652.85
2026-08-05T15:27:48.268,NIFTY,NSE_INDEX,spot,24570.2,,,,0,0,24669.2,24677.6,24497.95,24614.9
2026-08-05T15:27:48.796,SENSEX,BSE_INDEX,spot,78501.85,,,,0,0,79055.38,79055.38,78285.74,78428.95
2026-08-05T15:27:49.322,INDIAVIX,NSE_INDEX,spot,12.03,,,,0,0,12.19,12.67,10.81,12.19
2026-08-05T15:27:49.873,NIFTY25AUG26FUT,NFO,future,24649.8,24645.2,24649.7,4.5,2877810,12363910,24715.0,24740.0,24565.0,24555.6
2026-08-05T15:27:50.425,SENSEX27AUG26FUT,BFO,future,78825.0,78826.85,78884.7,57.85,23780,35960,78932.0,79211.3,78612.9,78652.85
2026-08-05T15:27:51.002,NIFTY,NSE_INDEX,spot,24570.2,,,,0,0,24669.2,24677.6,24497.95,24614.9
2026-08-05T15:27:51.523,SENSEX,BSE_INDEX,spot,78501.85,,,,0,0,79055.38,79055.38,78285.74,78428.95
2026-08-05T15:27:52.075,INDIAVIX,NSE_INDEX,spot,12.03,,,,0,0,12.19,12.67,10.81,12.19
2026-08-05T15:27:52.673,NIFTY25AUG26FUT,NFO,future,24649.8,24645.1,24649.0,3.9,2877810,12363910,24715.0,24740.0,24565.0,24555.6
2026-08-05T15:27:53.191,SENSEX27AUG26FUT,BFO,future,78825.0,78845.8,78885.0,39.2,23780,35960,78932.0,79211.3,78612.9,78652.85
2026-08-05T15:27:53.732,NIFTY,NSE_INDEX,spot,24570.2,,,,0,0,24669.2,24677.6,24497.95,24614.9
2026-08-05T15:27:54.274,SENSEX,BSE_INDEX,spot,78501.85,,,,0,0,79055.38,79055.38,78285.74,78428.95
2026-08-05T15:27:54.824,INDIAVIX,NSE_INDEX,spot,12.03,,,,0,0,12.19,12.67,10.81,12.19
2026-08-05T15:27:55.373,NIFTY25AUG26FUT,NFO,future,24649.0,24645.4,24649.0,3.6,2877810,12363910,24715.0,24740.0,24565.0,24555.6
2026-08-05T15:27:55.921,SENSEX27AUG26FUT,BFO,future,78825.0,78841.4,78884.65,43.25,23780,35960,78932.0,79211.3,78612.9,78652.85
2026-08-05T15:27:56.480,NIFTY,NSE_INDEX,spot,24570.2,,,,0,0,24669.2,24677.6,24497.95,24614.9
2026-08-05T15:27:57.029,SENSEX,BSE_INDEX,spot,78501.85,,,,0,0,79055.38,79055.38,78285.74,78428.95
2026-08-05T15:27:57.574,INDIAVIX,NSE_INDEX,spot,12.03,,,,0,0,12.19,12.67,10.81,12.19
2026-08-05T15:27:58.123,NIFTY25AUG26FUT,NFO,future,24645.8,24645.8,24648.0,2.2,2878200,12363910,24715.0,24740.0,24565.0,24555.6
2026-08-05T15:27:58.674,SENSEX27AUG26FUT,BFO,future,78825.0,78840.2,78880.5,40.3,23780,35960,78932.0,79211.3,78612.9,78652.85
2026-08-05T15:27:59.227,NIFTY,NSE_INDEX,spot,24570.2,,,,0,0,24669.2,24677.6,24497.95,24614.9
2026-08-05T15:27:59.777,SENSEX,BSE_INDEX,spot,78501.85,,,,0,0,79055.38,79055.38,78285.74,78428.95
2026-08-05T15:28:00.326,INDIAVIX,NSE_INDEX,spot,12.03,,,,0,0,12.19,12.67,10.81,12.19
2026-08-05T15:28:00.874,NIFTY25AUG26FUT,NFO,future,24645.6,24645.8,24647.9,2.1,2878330,12363910,24715.0,24740.0,24565.0,24555.6
2026-08-05T15:28:01.425,SENSEX27AUG26FUT,BFO,future,78825.0,78832.5,78882.35,49.85,23780,35960,78932.0,79211.3,78612.9,78652.85
2026-08-05T15:28:01.994,NIFTY,NSE_INDEX,spot,24570.2,,,,0,0,24669.2,24677.6,24497.95,24614.9
2026-08-05T15:28:02.556,SENSEX,BSE_INDEX,spot,78501.85,,,,0,0,79055.38,79055.38,78285.74,78428.95
2026-08-05T15:28:03.072,INDIAVIX,NSE_INDEX,spot,12.03,,,,0,0,12.19,12.67,10.81,12.19
2026-08-05T15:28:03.625,NIFTY25AUG26FUT,NFO,future,24647.7,24645.8,24647.7,1.9,2878330,12363910,24715.0,24740.0,24565.0,24555.6
2026-08-05T15:28:04.182,SENSEX27AUG26FUT,BFO,future,78825.0,78840.0,78881.65,41.65,23780,35960,78932.0,79211.3,78612.9,78652.85
2026-08-05T15:28:04.733,NIFTY,NSE_INDEX,spot,24570.2,,,,0,0,24669.2,24677.6,24497.95,24614.9
2026-08-05T15:28:05.279,SENSEX,BSE_INDEX,spot,78501.85,,,,0,0,79055.38,79055.38,78285.74,78428.95
2026-08-05T15:28:05.833,INDIAVIX,NSE_INDEX,spot,12.02,,,,0,0,12.19,12.67,10.81,12.19
2026-08-05T15:28:06.380,NIFTY25AUG26FUT,NFO,future,24647.7,24647.7,24648.0,0.3,2878395,12363910,24715.0,24740.0,24565.0,24555.6
2026-08-05T15:28:06.923,SENSEX27AUG26FUT,BFO,future,78825.0,78840.0,78882.4,42.4,23780,35960,78932.0,79211.3,78612.9,78652.85
2026-08-05T15:28:07.470,NIFTY,NSE_INDEX,spot,24570.2,,,,0,0,24669.2,24677.6,24497.95,24614.9
2026-08-05T15:28:08.021,SENSEX,BSE_INDEX,spot,78501.85,,,,0,0,79055.38,79055.38,78285.74,78428.95
2026-08-05T15:28:08.642,INDIAVIX,NSE_INDEX,spot,12.02,,,,0,0,12.19,12.67,10.81,12.19
2026-08-05T15:28:09.124,NIFTY25AUG26FUT,NFO,future,24644.7,24643.8,24647.9,4.1,2878720,12363910,24715.0,24740.0,24565.0,24555.6
2026-08-05T15:28:09.677,SENSEX27AUG26FUT,BFO,future,78825.0,78835.25,78879.35,44.1,23780,35960,78932.0,79211.3,78612.9,78652.85
2026-08-05T15:28:10.227,NIFTY,NSE_INDEX,spot,24570.2,,,,0,0,24669.2,24677.6,24497.95,24614.9
2026-08-05T15:28:10.770,SENSEX,BSE_INDEX,spot,78501.85,,,,0,0,79055.38,79055.38,78285.74,78428.95
2026-08-05T15:28:11.321,INDIAVIX,NSE_INDEX,spot,12.02,,,,0,0,12.19,12.67,10.81,12.19
2026-08-05T15:28:11.871,NIFTY25AUG26FUT,NFO,future,24644.7,24643.6,24647.9,4.3,2878720,12363910,24715.0,24740.0,24565.0,24555.6
2026-08-05T15:28:12.424,SENSEX27AUG26FUT,BFO,future,78836.3,78840.4,78887.7,47.3,23800,35960,78932.0,79211.3,78612.9,78652.85
2026-08-05T15:28:12.984,NIFTY,NSE_INDEX,spot,24570.2,,,,0,0,24669.2,24677.6,24497.95,24614.9
2026-08-05T15:28:13.532,SENSEX,BSE_INDEX,spot,78501.85,,,,0,0,79055.38,79055.38,78285.74,78428.95
2026-08-05T15:28:14.073,INDIAVIX,NSE_INDEX,spot,12.02,,,,0,0,12.19,12.67,10.81,12.19
2026-08-05T15:28:14.621,NIFTY25AUG26FUT,NFO,future,24645.3,24645.2,24645.3,0.1,2878980,12363910,24715.0,24740.0,24565.0,24555.6
2026-08-05T15:28:15.174,SENSEX27AUG26FUT,BFO,future,78836.3,78839.95,78883.25,43.3,23800,35960,78932.0,79211.3,78612.9,78652.85
2026-08-05T15:28:15.726,NIFTY,NSE_INDEX,spot,24570.2,,,,0,0,24669.2,24677.6,24497.95,24614.9
2026-08-05T15:28:16.277,SENSEX,BSE_INDEX,spot,78501.85,,,,0,0,79055.38,79055.38,78285.74,78428.95
2026-08-05T15:28:16.830,INDIAVIX,NSE_INDEX,spot,12.03,,,,0,0,12.19,12.67,10.81,12.19
2026-08-05T15:28:17.377,NIFTY25AUG26FUT,NFO,future,24645.3,24647.0,24647.9,0.9,2879045,12363910,24715.0,24740.0,24565.0,24555.6
2026-08-05T15:28:17.925,SENSEX27AUG26FUT,BFO,future,78836.3,78849.45,78893.1,43.65,23800,35960,78932.0,79211.3,78612.9,78652.85
2026-08-05T15:28:18.470,NIFTY,NSE_INDEX,spot,24570.2,,,,0,0,24669.2,24677.6,24497.95,24614.9
2026-08-05T15:28:19.031,SENSEX,BSE_INDEX,spot,78501.85,,,,0,0,79055.38,79055.38,78285.74,78428.95
2026-08-05T15:28:19.571,INDIAVIX,NSE_INDEX,spot,12.02,,,,0,0,12.19,12.67,10.81,12.19
2026-08-05T15:28:20.124,NIFTY25AUG26FUT,NFO,future,24644.7,24645.1,24647.9,2.8,2879305,12363910,24715.0,24740.0,24565.0,24555.6
2026-08-05T15:28:20.673,SENSEX27AUG26FUT,BFO,future,78836.3,78852.1,78893.55,41.45,23800,35960,78932.0,79211.3,78612.9,78652.85
2026-08-05T15:28:21.222,NIFTY,NSE_INDEX,spot,24570.2,,,,0,0,24669.2,24677.6,24497.95,24614.9
2026-08-05T15:28:21.772,SENSEX,BSE_INDEX,spot,78501.85,,,,0,0,79055.38,79055.38,78285.74,78428.95
2026-08-05T15:28:22.325,INDIAVIX,NSE_INDEX,spot,12.02,,,,0,0,12.19,12.67,10.81,12.19
2026-08-05T15:28:22.870,NIFTY25AUG26FUT,NFO,future,24644.7,24644.4,24647.7,3.3,2879305,12363910,24715.0,24740.0,24565.0,24555.6
2026-08-05T15:28:23.422,SENSEX27AUG26FUT,BFO,future,78836.3,78844.0,78888.6,44.6,23800,35960,78932.0,79211.3,78612.9,78652.85
2026-08-05T15:28:23.974,NIFTY,NSE_INDEX,spot,24570.2,,,,0,0,24669.2,24677.6,24497.95,24614.9
2026-08-05T15:28:24.530,SENSEX,BSE_INDEX,spot,78501.85,,,,0,0,79055.38,79055.38,78285.74,78428.95
2026-08-05T15:28:25.070,INDIAVIX,NSE_INDEX,spot,12.02,,,,0,0,12.19,12.67,10.81,12.19
2026-08-05T15:28:25.623,NIFTY25AUG26FUT,NFO,future,24645.6,24645.6,24647.7,2.1,2879500,12363910,24715.0,24740.0,24565.0,24555.6
2026-08-05T15:28:26.181,SENSEX27AUG26FUT,BFO,future,78836.3,78847.15,78894.75,47.6,23800,35960,78932.0,79211.3,78612.9,78652.85
2026-08-05T15:28:26.721,NIFTY,NSE_INDEX,spot,24570.2,,,,0,0,24669.2,24677.6,24497.95,24614.9
2026-08-05T15:28:27.282,SENSEX,BSE_INDEX,spot,78501.85,,,,0,0,79055.38,79055.38,78285.74,78428.95
2026-08-05T15:28:27.822,INDIAVIX,NSE_INDEX,spot,12.02,,,,0,0,12.19,12.67,10.81,12.19
2026-08-05T15:28:28.378,NIFTY25AUG26FUT,NFO,future,24645.4,24645.2,24647.6,2.4,2879565,12363910,24715.0,24740.0,24565.0,24555.6
2026-08-05T15:28:28.947,SENSEX27AUG26FUT,BFO,future,78836.3,78847.1,78892.45,45.35,23800,35960,78932.0,79211.3,78612.9,78652.85
2026-08-05T15:28:29.470,NIFTY,NSE_INDEX,spot,24570.2,,,,0,0,24669.2,24677.6,24497.95,24614.9
2026-08-05T15:28:30.022,SENSEX,BSE_INDEX,spot,78501.85,,,,0,0,79055.38,79055.38,78285.74,78428.95
2026-08-05T15:28:30.570,INDIAVIX,NSE_INDEX,spot,12.02,,,,0,0,12.19,12.67,10.81,12.19
2026-08-05T15:28:31.120,NIFTY25AUG26FUT,NFO,future,24647.6,24644.7,24647.6,2.9,2879760,12363910,24715.0,24740.0,24565.0,24555.6
2026-08-05T15:28:31.671,SENSEX27AUG26FUT,BFO,future,78836.3,78842.9,78885.0,42.1,23800,35960,78932.0,79211.3,78612.9,78652.85
2026-08-05T15:28:32.229,NIFTY,NSE_INDEX,spot,24570.2,,,,0,0,24669.2,24677.6,24497.95,24614.9
2026-08-05T15:28:32.782,SENSEX,BSE_INDEX,spot,78501.85,,,,0,0,79055.38,79055.38,78285.74,78428.95
2026-08-05T15:28:33.320,INDIAVIX,NSE_INDEX,spot,12.02,,,,0,0,12.19,12.67,10.81,12.19
2026-08-05T15:28:33.880,NIFTY25AUG26FUT,NFO,future,24647.6,24644.7,24647.6,2.9,2879760,12363910,24715.0,24740.0,24565.0,24555.6
2026-08-05T15:28:34.421,SENSEX27AUG26FUT,BFO,future,78836.3,78828.25,78883.75,55.5,23800,35960,78932.0,79211.3,78612.9,78652.85
2026-08-05T15:28:34.970,NIFTY,NSE_INDEX,spot,24570.2,,,,0,0,24669.2,24677.6,24497.95,24614.9
2026-08-05T15:28:35.526,SENSEX,BSE_INDEX,spot,78501.85,,,,0,0,79055.38,79055.38,78285.74,78428.95
2026-08-05T15:28:36.073,INDIAVIX,NSE_INDEX,spot,12.02,,,,0,0,12.19,12.67,10.81,12.19
2026-08-05T15:28:36.623,NIFTY25AUG26FUT,NFO,future,24645.0,24645.0,24645.4,0.4,2879825,12363910,24715.0,24740.0,24565.0,24555.6
2026-08-05T15:28:37.175,SENSEX27AUG26FUT,BFO,future,78836.3,78839.0,78881.25,42.25,23800,35960,78932.0,79211.3,78612.9,78652.85
2026-08-05T15:28:37.723,NIFTY,NSE_INDEX,spot,24570.2,,,,0,0,24669.2,24677.6,24497.95,24614.9
2026-08-05T15:28:38.271,SENSEX,BSE_INDEX,spot,78501.85,,,,0,0,79055.38,79055.38,78285.74,78428.95
2026-08-05T15:28:38.830,INDIAVIX,NSE_INDEX,spot,12.02,,,,0,0,12.19,12.67,10.81,12.19
2026-08-05T15:28:39.377,NIFTY25AUG26FUT,NFO,future,24645.0,24645.0,24645.4,0.4,2879890,12363910,24715.0,24740.0,24565.0,24555.6
2026-08-05T15:28:39.923,SENSEX27AUG26FUT,BFO,future,78836.3,78839.9,78881.05,41.15,23800,35960,78932.0,79211.3,78612.9,78652.85
2026-08-05T15:28:40.472,NIFTY,NSE_INDEX,spot,24570.2,,,,0,0,24669.2,24677.6,24497.95,24614.9
2026-08-05T15:28:41.029,SENSEX,BSE_INDEX,spot,78501.85,,,,0,0,79055.38,79055.38,78285.74,78428.95
2026-08-05T15:28:41.573,INDIAVIX,NSE_INDEX,spot,12.02,,,,0,0,12.19,12.67,10.81,12.19
2026-08-05T15:28:42.136,NIFTY25AUG26FUT,NFO,future,24645.0,24645.0,24645.4,0.4,2879890,12363910,24715.0,24740.0,24565.0,24555.6
2026-08-05T15:28:42.680,SENSEX27AUG26FUT,BFO,future,78836.3,78847.45,78882.2,34.75,23800,35960,78932.0,79211.3,78612.9,78652.85
2026-08-05T15:28:43.227,NIFTY,NSE_INDEX,spot,24624.65,,,,0,0,24669.2,24677.6,24497.95,24614.9
2026-08-05T15:28:43.780,SENSEX,BSE_INDEX,spot,78501.85,,,,0,0,79055.38,79055.38,78285.74,78428.95
2026-08-05T15:28:44.340,INDIAVIX,NSE_INDEX,spot,12.02,,,,0,0,12.19,12.67,10.81,12.19
2026-08-05T15:28:44.871,NIFTY25AUG26FUT,NFO,future,24645.1,24645.1,24647.2,2.1,2880150,12364755,24715.0,24740.0,24565.0,24555.6
2026-08-05T15:28:45.422,SENSEX27AUG26FUT,BFO,future,78836.3,78847.45,78882.2,34.75,23800,35960,78932.0,79211.3,78612.9,78652.85
2026-08-05T15:28:45.975,NIFTY,NSE_INDEX,spot,24624.65,,,,0,0,24669.2,24677.6,24497.95,24614.9
2026-08-05T15:28:46.522,SENSEX,BSE_INDEX,spot,78501.85,,,,0,0,79055.38,79055.38,78285.74,78428.95
2026-08-05T15:28:47.091,INDIAVIX,NSE_INDEX,spot,12.02,,,,0,0,12.19,12.67,10.81,12.19
2026-08-05T15:28:47.632,NIFTY25AUG26FUT,NFO,future,24647.0,24645.3,24647.2,1.9,2880345,12364755,24715.0,24740.0,24565.0,24555.6
2026-08-05T15:28:48.183,SENSEX27AUG26FUT,BFO,future,78836.3,78833.15,78879.1,45.95,23800,35960,78932.0,79211.3,78612.9,78652.85
2026-08-05T15:28:48.739,NIFTY,NSE_INDEX,spot,24624.65,,,,0,0,24669.2,24677.6,24497.95,24614.9
2026-08-05T15:28:49.320,SENSEX,BSE_INDEX,spot,78501.85,,,,0,0,79055.38,79055.38,78285.74,78428.95
2026-08-05T15:28:49.837,INDIAVIX,NSE_INDEX,spot,12.02,,,,0,0,12.19,12.67,10.81,12.19
2026-08-05T15:28:50.387,NIFTY25AUG26FUT,NFO,future,24647.2,24646.0,24647.7,1.7,2880475,12364755,24715.0,24740.0,24565.0,24555.6
2026-08-05T15:28:50.926,SENSEX27AUG26FUT,BFO,future,78836.3,78802.05,78862.75,60.7,23800,36000,78932.0,79211.3,78612.9,78652.85
2026-08-05T15:28:51.483,NIFTY,NSE_INDEX,spot,24624.65,,,,0,0,24669.2,24677.6,24497.95,24614.9
2026-08-05T15:28:52.025,SENSEX,BSE_INDEX,spot,78501.85,,,,0,0,79055.38,79055.38,78285.74,78428.95
2026-08-05T15:28:52.580,INDIAVIX,NSE_INDEX,spot,12.02,,,,0,0,12.19,12.67,10.81,12.19
2026-08-05T15:28:53.126,NIFTY25AUG26FUT,NFO,future,24647.2,24645.0,24647.7,2.7,2880475,12364755,24715.0,24740.0,24565.0,24555.6
2026-08-05T15:28:53.705,SENSEX27AUG26FUT,BFO,future,78836.3,78815.8,78860.85,45.05,23800,36000,78932.0,79211.3,78612.9,78652.85
2026-08-05T15:28:54.231,NIFTY,NSE_INDEX,spot,24624.65,,,,0,0,24669.2,24677.6,24497.95,24614.9
2026-08-05T15:28:54.796,SENSEX,BSE_INDEX,spot,78501.85,,,,0,0,79055.38,79055.38,78285.74,78428.95
2026-08-05T15:28:55.326,INDIAVIX,NSE_INDEX,spot,12.02,,,,0,0,12.19,12.67,10.81,12.19
2026-08-05T15:28:55.911,NIFTY25AUG26FUT,NFO,future,24647.7,24645.1,24647.6,2.5,2880475,12364755,24715.0,24740.0,24565.0,24555.6
2026-08-05T15:28:56.419,SENSEX27AUG26FUT,BFO,future,78836.3,78833.85,78873.1,39.25,23800,36000,78932.0,79211.3,78612.9,78652.85
2026-08-05T15:28:56.974,NIFTY,NSE_INDEX,spot,24624.65,,,,0,0,24669.2,24677.6,24497.95,24614.9
2026-08-05T15:28:57.583,SENSEX,BSE_INDEX,spot,78501.85,,,,0,0,79055.38,79055.38,78285.74,78428.95
2026-08-05T15:28:58.077,INDIAVIX,NSE_INDEX,spot,12.02,,,,0,0,12.19,12.67,10.81,12.19
2026-08-05T15:28:58.635,NIFTY25AUG26FUT,NFO,future,24647.0,24645.9,24647.7,1.8,2880670,12364755,24715.0,24740.0,24565.0,24555.6
2026-08-05T15:28:59.174,SENSEX27AUG26FUT,BFO,future,78836.3,78831.35,78886.15,54.8,23800,36000,78932.0,79211.3,78612.9,78652.85
2026-08-05T15:28:59.738,NIFTY,NSE_INDEX,spot,24624.65,,,,0,0,24669.2,24677.6,24497.95,24614.9
2026-08-05T15:29:00.283,SENSEX,BSE_INDEX,spot,78501.85,,,,0,0,79055.38,79055.38,78285.74,78428.95
2026-08-05T15:29:00.831,INDIAVIX,NSE_INDEX,spot,12.01,,,,0,0,12.19,12.67,10.81,12.19
2026-08-05T15:29:01.421,NIFTY25AUG26FUT,NFO,future,24649.9,24649.2,24649.8,0.6,2881710,12364755,24715.0,24740.0,24565.0,24555.6
2026-08-05T15:29:01.926,SENSEX27AUG26FUT,BFO,future,78836.3,78836.35,78865.0,28.65,23800,36000,78932.0,79211.3,78612.9,78652.85
2026-08-05T15:29:02.501,NIFTY,NSE_INDEX,spot,24624.65,,,,0,0,24669.2,24677.6,24497.95,24614.9
2026-08-05T15:29:03.039,SENSEX,BSE_INDEX,spot,78501.85,,,,0,0,79055.38,79055.38,78285.74,78428.95
2026-08-05T15:29:03.573,INDIAVIX,NSE_INDEX,spot,11.99,,,,0,0,12.19,12.67,10.81,12.19
2026-08-05T15:29:04.150,NIFTY25AUG26FUT,NFO,future,24654.8,24650.3,24654.8,4.5,2885415,12364755,24715.0,24740.0,24565.0,24555.6
2026-08-05T15:29:04.671,SENSEX27AUG26FUT,BFO,future,78865.0,78861.95,78897.85,35.9,23820,36000,78932.0,79211.3,78612.9,78652.85
2026-08-05T15:29:05.244,NIFTY,NSE_INDEX,spot,24624.65,,,,0,0,24669.2,24677.6,24497.95,24614.9
2026-08-05T15:29:05.906,SENSEX,BSE_INDEX,spot,78501.85,,,,0,0,79055.38,79055.38,78285.74,78428.95
2026-08-05T15:29:06.346,INDIAVIX,NSE_INDEX,spot,11.98,,,,0,0,12.19,12.67,10.81,12.19
2026-08-05T15:29:06.923,NIFTY25AUG26FUT,NFO,future,24652.0,24651.3,24655.0,3.7,2886195,12364755,24715.0,24740.0,24565.0,24555.6
2026-08-05T15:29:07.426,SENSEX27AUG26FUT,BFO,future,78865.0,78840.85,78896.65,55.8,23820,36000,78932.0,79211.3,78612.9,78652.85
2026-08-05T15:29:07.972,NIFTY,NSE_INDEX,spot,24624.65,,,,0,0,24669.2,24677.6,24497.95,24614.9
2026-08-05T15:29:08.556,SENSEX,BSE_INDEX,spot,78501.85,,,,0,0,79055.38,79055.38,78285.74,78428.95
2026-08-05T15:29:09.072,INDIAVIX,NSE_INDEX,spot,11.96,,,,0,0,12.19,12.67,10.81,12.19
2026-08-05T15:29:09.675,NIFTY25AUG26FUT,NFO,future,24654.0,24650.8,24655.0,4.2,2886390,12364755,24715.0,24740.0,24565.0,24555.6
2026-08-05T15:29:10.220,SENSEX27AUG26FUT,BFO,future,78865.0,78852.1,78890.35,38.25,23820,36000,78932.0,79211.3,78612.9,78652.85
2026-08-05T15:29:10.812,NIFTY,NSE_INDEX,spot,24624.65,,,,0,0,24669.2,24677.6,24497.95,24614.9
2026-08-05T15:29:11.273,SENSEX,BSE_INDEX,spot,78501.85,,,,0,0,79055.38,79055.38,78285.74,78428.95
2026-08-05T15:29:11.820,INDIAVIX,NSE_INDEX,spot,11.96,,,,0,0,12.19,12.67,10.81,12.19
2026-08-05T15:29:12.429,NIFTY25AUG26FUT,NFO,future,24652.0,24652.0,24655.0,3.0,2886780,12364755,24715.0,24740.0,24565.0,24555.6
2026-08-05T15:29:12.931,SENSEX27AUG26FUT,BFO,future,78865.0,78826.75,78882.5,55.75,23820,36000,78932.0,79211.3,78612.9,78652.85
2026-08-05T15:29:13.471,NIFTY,NSE_INDEX,spot,24624.65,,,,0,0,24669.2,24677.6,24497.95,24614.9
2026-08-05T15:29:14.067,SENSEX,BSE_INDEX,spot,78501.85,,,,0,0,79055.38,79055.38,78285.74,78428.95
2026-08-05T15:29:14.580,INDIAVIX,NSE_INDEX,spot,11.95,,,,0,0,12.19,12.67,10.81,12.19
2026-08-05T15:29:15.121,NIFTY25AUG26FUT,NFO,future,24654.0,24652.0,24654.0,2.0,2886910,12364755,24715.0,24740.0,24565.0,24555.6
2026-08-05T15:29:15.697,SENSEX27AUG26FUT,BFO,future,78872.4,78831.6,78871.4,39.8,23840,36000,78932.0,79211.3,78612.9,78652.85
2026-08-05T15:29:16.275,NIFTY,NSE_INDEX,spot,24624.65,,,,0,0,24669.2,24677.6,24497.95,24614.9
2026-08-05T15:29:16.770,SENSEX,BSE_INDEX,spot,78501.85,,,,0,0,79055.38,79055.38,78285.74,78428.95
2026-08-05T15:29:17.323,INDIAVIX,NSE_INDEX,spot,11.97,,,,0,0,12.19,12.67,10.81,12.19
2026-08-05T15:29:17.885,NIFTY25AUG26FUT,NFO,future,24654.0,24652.0,24654.0,2.0,2887040,12364755,24715.0,24740.0,24565.0,24555.6
2026-08-05T15:29:18.422,SENSEX27AUG26FUT,BFO,future,78872.4,78834.75,78879.9,45.15,23840,36000,78932.0,79211.3,78612.9,78652.85
2026-08-05T15:29:18.978,NIFTY,NSE_INDEX,spot,24624.65,,,,0,0,24669.2,24677.6,24497.95,24614.9
2026-08-05T15:29:19.532,SENSEX,BSE_INDEX,spot,78501.85,,,,0,0,79055.38,79055.38,78285.74,78428.95
2026-08-05T15:29:20.073,INDIAVIX,NSE_INDEX,spot,11.97,,,,0,0,12.19,12.67,10.81,12.19
2026-08-05T15:29:20.623,NIFTY25AUG26FUT,NFO,future,24654.0,24652.0,24655.0,3.0,2887235,12364755,24715.0,24740.0,24565.0,24555.6
2026-08-05T15:29:21.224,SENSEX27AUG26FUT,BFO,future,78872.4,78835.1,78883.95,48.85,23840,36000,78932.0,79211.3,78612.9,78652.85
2026-08-05T15:29:21.730,NIFTY,NSE_INDEX,spot,24624.65,,,,0,0,24669.2,24677.6,24497.95,24614.9
2026-08-05T15:29:22.281,SENSEX,BSE_INDEX,spot,78501.85,,,,0,0,79055.38,79055.38,78285.74,78428.95
2026-08-05T15:29:22.826,INDIAVIX,NSE_INDEX,spot,11.98,,,,0,0,12.19,12.67,10.81,12.19
2026-08-05T15:29:23.373,NIFTY25AUG26FUT,NFO,future,24654.0,24652.0,24655.0,3.0,2887300,12364755,24715.0,24740.0,24565.0,24555.6
2026-08-05T15:29:23.921,SENSEX27AUG26FUT,BFO,future,78872.4,78831.25,78885.85,54.6,23840,36000,78932.0,79211.3,78612.9,78652.85
2026-08-05T15:29:24.472,NIFTY,NSE_INDEX,spot,24624.65,,,,0,0,24669.2,24677.6,24497.95,24614.9
2026-08-05T15:29:25.027,SENSEX,BSE_INDEX,spot,78501.85,,,,0,0,79055.38,79055.38,78285.74,78428.95
2026-08-05T15:29:25.581,INDIAVIX,NSE_INDEX,spot,11.98,,,,0,0,12.19,12.67,10.81,12.19
2026-08-05T15:29:26.122,NIFTY25AUG26FUT,NFO,future,24650.8,24650.8,24654.0,3.2,2887950,12364755,24715.0,24740.0,24565.0,24555.6
2026-08-05T15:29:26.672,SENSEX27AUG26FUT,BFO,future,78872.4,78830.05,78885.15,55.1,23840,36000,78932.0,79211.3,78612.9,78652.85
2026-08-05T15:29:27.228,NIFTY,NSE_INDEX,spot,24624.65,,,,0,0,24669.2,24677.6,24497.95,24614.9
2026-08-05T15:29:27.774,SENSEX,BSE_INDEX,spot,78501.85,,,,0,0,79055.38,79055.38,78285.74,78428.95
2026-08-05T15:29:28.325,INDIAVIX,NSE_INDEX,spot,11.96,,,,0,0,12.19,12.67,10.81,12.19
2026-08-05T15:29:28.880,NIFTY25AUG26FUT,NFO,future,24650.8,24650.8,24654.0,3.2,2888015,12364755,24715.0,24740.0,24565.0,24555.6
2026-08-05T15:29:29.422,SENSEX27AUG26FUT,BFO,future,78872.4,78822.95,78886.1,63.15,23840,36000,78932.0,79211.3,78612.9,78652.85
2026-08-05T15:29:29.971,NIFTY,NSE_INDEX,spot,24624.65,,,,0,0,24669.2,24677.6,24497.95,24614.9
2026-08-05T15:29:30.525,SENSEX,BSE_INDEX,spot,78501.85,,,,0,0,79055.38,79055.38,78285.74,78428.95
2026-08-05T15:29:31.074,INDIAVIX,NSE_INDEX,spot,11.95,,,,0,0,12.19,12.67,10.81,12.19
2026-08-05T15:29:31.623,NIFTY25AUG26FUT,NFO,future,24650.8,24650.0,24650.7,0.7,2888340,12364755,24715.0,24740.0,24565.0,24555.6
2026-08-05T15:29:32.173,SENSEX27AUG26FUT,BFO,future,78872.4,78872.4,78884.25,11.85,23840,36000,78932.0,79211.3,78612.9,78652.85
2026-08-05T15:29:32.722,NIFTY,NSE_INDEX,spot,24624.65,,,,0,0,24669.2,24677.6,24497.95,24614.9
2026-08-05T15:29:33.274,SENSEX,BSE_INDEX,spot,78501.85,,,,0,0,79055.38,79055.38,78285.74,78428.95
2026-08-05T15:29:33.823,INDIAVIX,NSE_INDEX,spot,11.94,,,,0,0,12.19,12.67,10.81,12.19
2026-08-05T15:29:34.396,NIFTY25AUG26FUT,NFO,future,24650.0,24650.0,24650.8,0.8,2890680,12364755,24715.0,24740.0,24565.0,24555.6
2026-08-05T15:29:34.924,SENSEX27AUG26FUT,BFO,future,78872.4,78872.4,78882.05,9.65,23840,36000,78932.0,79211.3,78612.9,78652.85
2026-08-05T15:29:35.475,NIFTY,NSE_INDEX,spot,24624.65,,,,0,0,24669.2,24677.6,24497.95,24614.9
2026-08-05T15:29:36.019,SENSEX,BSE_INDEX,spot,78501.85,,,,0,0,79055.38,79055.38,78285.74,78428.95
2026-08-05T15:29:36.574,INDIAVIX,NSE_INDEX,spot,11.94,,,,0,0,12.19,12.67,10.81,12.19
2026-08-05T15:29:37.130,NIFTY25AUG26FUT,NFO,future,24650.2,24650.0,24650.8,0.8,2890745,12364755,24715.0,24740.0,24565.0,24555.6
2026-08-05T15:29:37.670,SENSEX27AUG26FUT,BFO,future,78872.4,78872.4,78881.35,8.95,23840,36000,78932.0,79211.3,78612.9,78652.85
2026-08-05T15:29:38.223,NIFTY,NSE_INDEX,spot,24624.65,,,,0,0,24669.2,24677.6,24497.95,24614.9
2026-08-05T15:29:38.787,SENSEX,BSE_INDEX,spot,78501.85,,,,0,0,79055.38,79055.38,78285.74,78428.95
2026-08-05T15:29:39.321,INDIAVIX,NSE_INDEX,spot,11.94,,,,0,0,12.19,12.67,10.81,12.19
2026-08-05T15:29:39.874,NIFTY25AUG26FUT,NFO,future,24650.8,24650.0,24650.8,0.8,2890810,12364755,24715.0,24740.0,24565.0,24555.6
2026-08-05T15:29:40.446,SENSEX27AUG26FUT,BFO,future,78872.4,78826.5,78882.6,56.1,23840,36000,78932.0,79211.3,78612.9,78652.85
2026-08-05T15:29:40.976,NIFTY,NSE_INDEX,spot,24624.65,,,,0,0,24669.2,24677.6,24497.95,24614.9
2026-08-05T15:29:41.522,SENSEX,BSE_INDEX,spot,78501.85,,,,0,0,79055.38,79055.38,78285.74,78428.95
2026-08-05T15:29:42.092,INDIAVIX,NSE_INDEX,spot,11.95,,,,0,0,12.19,12.67,10.81,12.19
2026-08-05T15:29:42.621,NIFTY25AUG26FUT,NFO,future,24652.1,24650.2,24650.8,0.6,2890940,12368135,24715.0,24740.0,24565.0,24555.6
2026-08-05T15:29:43.178,SENSEX27AUG26FUT,BFO,future,78872.4,78828.4,78881.4,53.0,23840,36000,78932.0,79211.3,78612.9,78652.85
2026-08-05T15:29:43.746,NIFTY,NSE_INDEX,spot,24624.65,,,,0,0,24669.2,24677.6,24497.95,24614.9
2026-08-05T15:29:44.283,SENSEX,BSE_INDEX,spot,78501.85,,,,0,0,79055.38,79055.38,78285.74,78428.95
2026-08-05T15:29:44.831,INDIAVIX,NSE_INDEX,spot,11.95,,,,0,0,12.19,12.67,10.81,12.19
2026-08-05T15:29:45.371,NIFTY25AUG26FUT,NFO,future,24650.4,24650.6,24654.9,4.3,2891395,12368135,24715.0,24740.0,24565.0,24555.6
2026-08-05T15:29:45.992,SENSEX27AUG26FUT,BFO,future,78872.4,78841.7,78883.55,41.85,23840,36000,78932.0,79211.3,78612.9,78652.85
2026-08-05T15:29:46.471,NIFTY,NSE_INDEX,spot,24624.65,,,,0,0,24669.2,24677.6,24497.95,24614.9
2026-08-05T15:29:47.024,SENSEX,BSE_INDEX,spot,78501.85,,,,0,0,79055.38,79055.38,78285.74,78428.95
2026-08-05T15:29:47.576,INDIAVIX,NSE_INDEX,spot,11.95,,,,0,0,12.19,12.67,10.81,12.19
2026-08-05T15:29:48.120,NIFTY25AUG26FUT,NFO,future,24655.0,24650.6,24654.8,4.2,2891460,12368135,24715.0,24740.0,24565.0,24555.6
2026-08-05T15:29:48.680,SENSEX27AUG26FUT,BFO,future,78872.4,78832.75,78884.1,51.35,23840,36000,78932.0,79211.3,78612.9,78652.85
2026-08-05T15:29:49.226,NIFTY,NSE_INDEX,spot,24624.65,,,,0,0,24669.2,24677.6,24497.95,24614.9
2026-08-05T15:29:49.772,SENSEX,BSE_INDEX,spot,78501.85,,,,0,0,79055.38,79055.38,78285.74,78428.95
2026-08-05T15:29:50.336,INDIAVIX,NSE_INDEX,spot,11.95,,,,0,0,12.19,12.67,10.81,12.19
2026-08-05T15:29:50.881,NIFTY25AUG26FUT,NFO,future,24655.0,24650.0,24655.0,5.0,2891850,12368135,24715.0,24740.0,24565.0,24555.6
2026-08-05T15:29:51.423,SENSEX27AUG26FUT,BFO,future,78872.4,78830.6,78883.65,53.05,23840,36000,78932.0,79211.3,78612.9,78652.85
2026-08-05T15:29:51.999,NIFTY,NSE_INDEX,spot,24624.65,,,,0,0,24669.2,24677.6,24497.95,24614.9
2026-08-05T15:29:52.522,SENSEX,BSE_INDEX,spot,78501.85,,,,0,0,79055.38,79055.38,78285.74,78428.95
2026-08-05T15:29:53.079,INDIAVIX,NSE_INDEX,spot,11.94,,,,0,0,12.19,12.67,10.81,12.19
2026-08-05T15:29:53.621,NIFTY25AUG26FUT,NFO,future,24655.0,24650.8,24655.0,4.2,2892305,12368135,24715.0,24740.0,24565.0,24555.6
2026-08-05T15:29:54.168,SENSEX27AUG26FUT,BFO,future,78872.4,78831.3,78884.5,53.2,23840,36000,78932.0,79211.3,78612.9,78652.85
2026-08-05T15:29:54.722,NIFTY,NSE_INDEX,spot,24624.65,,,,0,0,24669.2,24677.6,24497.95,24614.9
2026-08-05T15:29:55.275,SENSEX,BSE_INDEX,spot,78501.85,,,,0,0,79055.38,79055.38,78285.74,78428.95
2026-08-05T15:29:55.819,INDIAVIX,NSE_INDEX,spot,11.94,,,,0,0,12.19,12.67,10.81,12.19
2026-08-05T15:29:56.374,NIFTY25AUG26FUT,NFO,future,24655.0,24650.8,24655.0,4.2,2892435,12368135,24715.0,24740.0,24565.0,24555.6
2026-08-05T15:29:56.922,SENSEX27AUG26FUT,BFO,future,78872.4,78842.15,78885.85,43.7,23840,36000,78932.0,79211.3,78612.9,78652.85
2026-08-05T15:29:57.469,NIFTY,NSE_INDEX,spot,24624.65,,,,0,0,24669.2,24677.6,24497.95,24614.9
2026-08-05T15:29:58.021,SENSEX,BSE_INDEX,spot,78581.0,,,,0,0,79055.38,79055.38,78285.74,78428.95
2026-08-05T15:29:58.571,INDIAVIX,NSE_INDEX,spot,11.93,,,,0,0,12.19,12.67,10.81,12.19
2026-08-05T15:29:59.126,NIFTY25AUG26FUT,NFO,future,24650.0,24649.7,24654.0,4.3,2894190,12368135,24715.0,24740.0,24565.0,24555.6
2026-08-05T15:29:59.672,SENSEX27AUG26FUT,BFO,future,78872.4,78845.0,78899.05,54.05,23840,36000,78932.0,79211.3,78612.9,78652.85
2026-08-05T15:30:00.229,NIFTY,NSE_INDEX,spot,24624.65,,,,0,0,24669.2,24677.6,24497.95,24614.9
2026-08-05T15:30:00.770,SENSEX,BSE_INDEX,spot,78581.0,,,,0,0,79055.38,79055.38,78285.74,78428.95
2026-08-05T15:30:01.346,INDIAVIX,NSE_INDEX,spot,11.92,,,,0,0,12.19,12.67,10.81,12.19
2026-08-05T15:30:01.879,NIFTY25AUG26FUT,NFO,future,24650.0,24650.0,24654.0,4.0,2896140,12368135,24715.0,24740.0,24565.0,24555.6
2026-08-05T15:30:02.426,SENSEX27AUG26FUT,BFO,future,78872.4,78847.65,78900.0,52.35,23840,36000,78932.0,79211.3,78612.9,78652.85
2026-08-05T15:30:02.972,NIFTY,NSE_INDEX,spot,24624.65,,,,0,0,24669.2,24677.6,24497.95,24614.9
2026-08-05T15:30:03.559,SENSEX,BSE_INDEX,spot,78581.0,,,,0,0,79055.38,79055.38,78285.74,78428.95
2026-08-05T15:30:04.078,INDIAVIX,NSE_INDEX,spot,11.92,,,,0,0,12.19,12.67,10.81,12.19
2026-08-05T15:30:04.621,NIFTY25AUG26FUT,NFO,future,24654.0,24654.0,24655.0,1.0,2896270,12368135,24715.0,24740.0,24565.0,24555.6
2026-08-05T15:30:05.181,SENSEX27AUG26FUT,BFO,future,78872.4,78855.3,78896.5,41.2,23840,36000,78932.0,79211.3,78612.9,78652.85
2026-08-05T15:30:05.723,NIFTY,NSE_INDEX,spot,24624.65,,,,0,0,24669.2,24677.6,24497.95,24614.9
2026-08-05T15:30:06.275,SENSEX,BSE_INDEX,spot,78581.0,,,,0,0,79055.38,79055.38,78285.74,78428.95
2026-08-05T15:30:06.829,INDIAVIX,NSE_INDEX,spot,11.92,,,,0,0,12.19,12.67,10.81,12.19
2026-08-05T15:30:07.374,NIFTY25AUG26FUT,NFO,future,24655.0,24651.0,24655.0,4.0,2896465,12368135,24715.0,24740.0,24565.0,24555.6
2026-08-05T15:30:07.920,SENSEX27AUG26FUT,BFO,future,78872.4,78847.15,78899.2,52.05,23840,36000,78932.0,79211.3,78612.9,78652.85
2026-08-05T15:30:08.475,NIFTY,NSE_INDEX,spot,24624.65,,,,0,0,24669.2,24677.6,24497.95,24614.9
2026-08-05T15:30:09.023,SENSEX,BSE_INDEX,spot,78581.0,,,,0,0,79055.38,79055.38,78285.74,78428.95
2026-08-05T15:30:09.609,INDIAVIX,NSE_INDEX,spot,11.93,,,,0,0,12.19,12.67,10.81,12.19
2026-08-05T15:30:10.124,NIFTY25AUG26FUT,NFO,future,24654.8,24651.0,24654.5,3.5,2896595,12368135,24715.0,24740.0,24565.0,24555.6
2026-08-05T15:30:10.671,SENSEX27AUG26FUT,BFO,future,78872.4,78852.9,78894.4,41.5,23840,36000,78932.0,79211.3,78612.9,78652.85
2026-08-05T15:30:11.226,NIFTY,NSE_INDEX,spot,24624.65,,,,0,0,24669.2,24677.6,24497.95,24614.9
2026-08-05T15:30:11.787,SENSEX,BSE_INDEX,spot,78581.0,,,,0,0,79055.38,79055.38,78285.74,78428.95
2026-08-05T15:30:12.322,INDIAVIX,NSE_INDEX,spot,11.93,,,,0,0,12.19,12.67,10.81,12.19
2026-08-05T15:30:12.871,NIFTY25AUG26FUT,NFO,future,24654.5,24650.5,24655.0,4.5,2896660,12368135,24715.0,24740.0,24565.0,24555.6
2026-08-05T15:30:13.429,SENSEX27AUG26FUT,BFO,future,78872.4,78845.0,78891.2,46.2,23840,36000,78932.0,79211.3,78612.9,78652.85
2026-08-05T15:30:13.971,NIFTY,NSE_INDEX,spot,24624.65,,,,0,0,24669.2,24677.6,24497.95,24614.9
2026-08-05T15:30:14.523,SENSEX,BSE_INDEX,spot,78581.0,,,,0,0,79055.38,79055.38,78285.74,78428.95
2026-08-05T15:30:15.073,INDIAVIX,NSE_INDEX,spot,11.93,,,,0,0,12.19,12.67,10.81,12.19
2026-08-05T15:30:15.622,NIFTY25AUG26FUT,NFO,future,24654.0,24654.0,24655.0,1.0,2896725,12368135,24715.0,24740.0,24565.0,24555.6
2026-08-05T15:30:16.179,SENSEX27AUG26FUT,BFO,future,78872.4,78845.0,78890.9,45.9,23840,36000,78932.0,79211.3,78612.9,78652.85
2026-08-05T15:30:16.740,NIFTY,NSE_INDEX,spot,24624.65,,,,0,0,24669.2,24677.6,24497.95,24614.9
2026-08-05T15:30:17.292,SENSEX,BSE_INDEX,spot,78581.0,,,,0,0,79055.38,79055.38,78285.74,78428.95
2026-08-05T15:30:17.838,INDIAVIX,NSE_INDEX,spot,11.93,,,,0,0,12.19,12.67,10.81,12.19
2026-08-05T15:30:18.375,NIFTY25AUG26FUT,NFO,future,24654.9,24651.1,24654.9,3.8,2896920,12368135,24715.0,24740.0,24565.0,24555.6
2026-08-05T15:30:18.925,SENSEX27AUG26FUT,BFO,future,78872.4,78845.0,78890.35,45.35,23840,36000,78932.0,79211.3,78612.9,78652.85
2026-08-05T15:30:19.508,NIFTY,NSE_INDEX,spot,24624.65,,,,0,0,24669.2,24677.6,24497.95,24614.9
2026-08-05T15:30:20.026,SENSEX,BSE_INDEX,spot,78581.0,,,,0,0,79055.38,79055.38,78285.74,78428.95
2026-08-05T15:30:20.570,INDIAVIX,NSE_INDEX,spot,11.94,,,,0,0,12.19,12.67,10.81,12.19
2026-08-05T15:30:21.128,NIFTY25AUG26FUT,NFO,future,24654.0,24651.2,24655.0,3.8,2897050,12368135,24715.0,24740.0,24565.0,24555.6
2026-08-05T15:30:21.670,SENSEX27AUG26FUT,BFO,future,78872.4,78845.0,78885.45,40.45,23840,36000,78932.0,79211.3,78612.9,78652.85
2026-08-05T15:30:22.224,NIFTY,NSE_INDEX,spot,24624.65,,,,0,0,24669.2,24677.6,24497.95,24614.9
2026-08-05T15:30:22.774,SENSEX,BSE_INDEX,spot,78581.0,,,,0,0,79055.38,79055.38,78285.74,78428.95
2026-08-05T15:30:23.324,INDIAVIX,NSE_INDEX,spot,11.94,,,,0,0,12.19,12.67,10.81,12.19
2026-08-05T15:30:23.881,NIFTY25AUG26FUT,NFO,future,24654.0,24650.0,24652.5,2.5,2897245,12368135,24715.0,24740.0,24565.0,24555.6
2026-08-05T15:30:24.436,SENSEX27AUG26FUT,BFO,future,78872.4,78845.0,78872.25,27.25,23840,36000,78932.0,79211.3,78612.9,78652.85
2026-08-05T15:30:24.979,NIFTY,NSE_INDEX,spot,24624.65,,,,0,0,24669.2,24677.6,24497.95,24614.9
2026-08-05T15:30:25.542,SENSEX,BSE_INDEX,spot,78581.0,,,,0,0,79055.38,79055.38,78285.74,78428.95
2026-08-05T15:30:26.077,INDIAVIX,NSE_INDEX,spot,11.94,,,,0,0,12.19,12.67,10.81,12.19
2026-08-05T15:30:26.624,NIFTY25AUG26FUT,NFO,future,24650.0,24646.0,24650.5,4.5,2897635,12368135,24715.0,24740.0,24565.0,24555.6
2026-08-05T15:30:27.186,SENSEX27AUG26FUT,BFO,future,78872.4,78845.0,78863.15,18.15,23840,36000,78932.0,79211.3,78612.9,78652.85
2026-08-05T15:30:27.724,NIFTY,NSE_INDEX,spot,24624.65,,,,0,0,24669.2,24677.6,24497.95,24614.9
2026-08-05T15:30:28.288,SENSEX,BSE_INDEX,spot,78581.0,,,,0,0,79055.38,79055.38,78285.74,78428.95
2026-08-05T15:30:28.953,INDIAVIX,NSE_INDEX,spot,11.94,,,,0,0,12.19,12.67,10.81,12.19
2026-08-05T15:30:29.390,NIFTY25AUG26FUT,NFO,future,24644.5,24646.0,24650.5,4.5,2897635,12368135,24715.0,24740.0,24565.0,24555.6
2026-08-05T15:30:29.929,SENSEX27AUG26FUT,BFO,future,78872.4,78845.0,78864.15,19.15,23840,36000,78932.0,79211.3,78612.9,78652.85
2026-08-05T15:30:30.474,NIFTY,NSE_INDEX,spot,24624.65,,,,0,0,24669.2,24677.6,24497.95,24614.9
2026-08-05T15:30:31.022,SENSEX,BSE_INDEX,spot,78581.0,,,,0,0,79055.38,79055.38,78285.74,78428.95
2026-08-05T15:30:31.568,INDIAVIX,NSE_INDEX,spot,11.95,,,,0,0,12.19,12.67,10.81,12.19
2026-08-05T15:30:32.156,NIFTY25AUG26FUT,NFO,future,24644.4,24644.0,24650.5,6.5,2897895,12368135,24715.0,24740.0,24565.0,24555.6
2026-08-05T15:30:32.672,SENSEX27AUG26FUT,BFO,future,78872.4,78845.0,78873.65,28.65,23840,36000,78932.0,79211.3,78612.9,78652.85
2026-08-05T15:30:33.260,NIFTY,NSE_INDEX,spot,24624.65,,,,0,0,24669.2,24677.6,24497.95,24614.9
2026-08-05T15:30:33.777,SENSEX,BSE_INDEX,spot,78581.0,,,,0,0,79055.38,79055.38,78285.74,78428.95
2026-08-05T15:30:34.320,INDIAVIX,NSE_INDEX,spot,11.96,,,,0,0,12.19,12.67,10.81,12.19
2026-08-05T15:30:34.929,NIFTY25AUG26FUT,NFO,future,24645.7,24646.7,24650.0,3.3,2898675,12368135,24715.0,24740.0,24565.0,24555.6
2026-08-05T15:30:35.501,SENSEX27AUG26FUT,BFO,future,78872.4,78845.0,78883.3,38.3,23840,36000,78932.0,79211.3,78612.9,78652.85
2026-08-05T15:30:36.023,NIFTY,NSE_INDEX,spot,24624.65,,,,0,0,24669.2,24677.6,24497.95,24614.9
2026-08-05T15:30:36.523,SENSEX,BSE_INDEX,spot,78581.0,,,,0,0,79055.38,79055.38,78285.74,78428.95
2026-08-05T15:30:37.131,INDIAVIX,NSE_INDEX,spot,11.97,,,,0,0,12.19,12.67,10.81,12.19
2026-08-05T15:30:37.642,NIFTY25AUG26FUT,NFO,future,24650.0,24646.7,24650.0,3.3,2898805,12368135,24715.0,24740.0,24565.0,24555.6
2026-08-05T15:30:38.176,SENSEX27AUG26FUT,BFO,future,78872.4,78845.0,78890.25,45.25,23840,36000,78932.0,79211.3,78612.9,78652.85
2026-08-05T15:30:38.722,NIFTY,NSE_INDEX,spot,24624.65,,,,0,0,24669.2,24677.6,24497.95,24614.9
2026-08-05T15:30:39.289,SENSEX,BSE_INDEX,spot,78581.0,,,,0,0,79055.38,79055.38,78285.74,78428.95
2026-08-05T15:30:39.820,INDIAVIX,NSE_INDEX,spot,11.97,,,,0,0,12.19,12.67,10.81,12.19
2026-08-05T15:30:40.375,NIFTY25AUG26FUT,NFO,future,24648.1,24648.0,24654.0,6.0,2899325,12368135,24715.0,24740.0,24565.0,24555.6
2026-08-05T15:30:41.016,SENSEX27AUG26FUT,BFO,future,78872.4,78845.0,78883.75,38.75,23840,36000,78932.0,79211.3,78612.9,78652.85
2026-08-05T15:30:41.472,NIFTY,NSE_INDEX,spot,24624.65,,,,0,0,24669.2,24677.6,24497.95,24614.9
2026-08-05T15:30:42.035,SENSEX,BSE_INDEX,spot,78581.0,,,,0,0,79055.38,79055.38,78285.74,78428.95
2026-08-05T15:30:42.570,INDIAVIX,NSE_INDEX,spot,11.97,,,,0,0,12.19,12.67,10.81,12.19
2026-08-05T15:30:43.122,NIFTY25AUG26FUT,NFO,future,24648.0,24648.0,24653.0,5.0,2899455,12368655,24715.0,24740.0,24565.0,24555.6
2026-08-05T15:30:43.719,SENSEX27AUG26FUT,BFO,future,78878.65,78845.0,78878.35,33.35,23860,36000,78932.0,79211.3,78612.9,78652.85
2026-08-05T15:30:44.223,NIFTY,NSE_INDEX,spot,24624.65,,,,0,0,24669.2,24677.6,24497.95,24614.9
2026-08-05T15:30:44.772,SENSEX,BSE_INDEX,spot,78581.0,,,,0,0,79055.38,79055.38,78285.74,78428.95
2026-08-05T15:30:45.327,INDIAVIX,NSE_INDEX,spot,11.96,,,,0,0,12.19,12.67,10.81,12.19
2026-08-05T15:30:45.877,NIFTY25AUG26FUT,NFO,future,24647.6,24647.6,24653.0,5.4,2899650,12368655,24715.0,24740.0,24565.0,24555.6
2026-08-05T15:30:46.429,SENSEX27AUG26FUT,BFO,future,78878.65,78845.0,78878.55,33.55,23860,36000,78932.0,79211.3,78612.9,78652.85
2026-08-05T15:30:46.972,NIFTY,NSE_INDEX,spot,24624.65,,,,0,0,24669.2,24677.6,24497.95,24614.9
2026-08-05T15:30:47.545,SENSEX,BSE_INDEX,spot,78581.0,,,,0,0,79055.38,79055.38,78285.74,78428.95
2026-08-05T15:30:48.083,INDIAVIX,NSE_INDEX,spot,11.96,,,,0,0,12.19,12.67,10.81,12.19
2026-08-05T15:30:48.634,NIFTY25AUG26FUT,NFO,future,24647.8,24647.6,24653.0,5.4,2899780,12368655,24715.0,24740.0,24565.0,24555.6
2026-08-05T15:30:49.178,SENSEX27AUG26FUT,BFO,future,78845.0,78831.35,78886.1,54.75,23880,36000,78932.0,79211.3,78612.9,78652.85
2026-08-05T15:30:49.725,NIFTY,NSE_INDEX,spot,24624.65,,,,0,0,24669.2,24677.6,24497.95,24614.9
2026-08-05T15:30:50.290,SENSEX,BSE_INDEX,spot,78581.0,,,,0,0,79055.38,79055.38,78285.74,78428.95
2026-08-05T15:30:50.820,INDIAVIX,NSE_INDEX,spot,11.96,,,,0,0,12.19,12.67,10.81,12.19
2026-08-05T15:30:51.370,NIFTY25AUG26FUT,NFO,future,24647.8,24647.8,24650.0,2.2,2899845,12368655,24715.0,24740.0,24565.0,24555.6
2026-08-05T15:30:52.003,SENSEX27AUG26FUT,BFO,future,78845.0,78829.8,78887.15,57.35,23880,36000,78932.0,79211.3,78612.9,78652.85
2026-08-05T15:30:52.471,NIFTY,NSE_INDEX,spot,24624.65,,,,0,0,24669.2,24677.6,24497.95,24614.9
2026-08-05T15:30:53.065,SENSEX,BSE_INDEX,spot,78581.0,,,,0,0,79055.38,79055.38,78285.74,78428.95
2026-08-05T15:30:53.569,INDIAVIX,NSE_INDEX,spot,11.96,,,,0,0,12.19,12.67,10.81,12.19
2026-08-05T15:30:54.120,NIFTY25AUG26FUT,NFO,future,24647.8,24648.1,24650.0,1.9,2899845,12368655,24715.0,24740.0,24565.0,24555.6
2026-08-05T15:30:54.671,SENSEX27AUG26FUT,BFO,future,78845.0,78833.05,78887.85,54.8,23880,36000,78932.0,79211.3,78612.9,78652.85
2026-08-05T15:30:55.230,NIFTY,NSE_INDEX,spot,24624.65,,,,0,0,24669.2,24677.6,24497.95,24614.9
2026-08-05T15:30:55.775,SENSEX,BSE_INDEX,spot,78581.0,,,,0,0,79055.38,79055.38,78285.74,78428.95
2026-08-05T15:30:56.322,INDIAVIX,NSE_INDEX,spot,11.96,,,,0,0,12.19,12.67,10.81,12.19
2026-08-05T15:30:56.873,NIFTY25AUG26FUT,NFO,future,24648.1,24648.3,24650.0,1.7,2899910,12368655,24715.0,24740.0,24565.0,24555.6
2026-08-05T15:30:57.426,SENSEX27AUG26FUT,BFO,future,78845.0,78841.95,78894.55,52.6,23880,36000,78932.0,79211.3,78612.9,78652.85
2026-08-05T15:30:57.976,NIFTY,NSE_INDEX,spot,24624.65,,,,0,0,24669.2,24677.6,24497.95,24614.9
2026-08-05T15:30:58.521,SENSEX,BSE_INDEX,spot,78581.0,,,,0,0,79055.38,79055.38,78285.74,78428.95
2026-08-05T15:30:59.084,INDIAVIX,NSE_INDEX,spot,11.96,,,,0,0,12.19,12.67,10.81,12.19
2026-08-05T15:30:59.632,NIFTY25AUG26FUT,NFO,future,24650.0,24648.3,24650.0,1.7,2899910,12368655,24715.0,24740.0,24565.0,24555.6
2026-08-05T15:31:00.174,SENSEX27AUG26FUT,BFO,future,78845.0,78838.3,78895.7,57.4,23880,36000,78932.0,79211.3,78612.9,78652.85
2026-08-05T15:31:00.724,NIFTY,NSE_INDEX,spot,24624.65,,,,0,0,24669.2,24677.6,24497.95,24614.9
2026-08-05T15:31:01.270,SENSEX,BSE_INDEX,spot,78581.0,,,,0,0,79055.38,79055.38,78285.74,78428.95
2026-08-05T15:31:01.821,INDIAVIX,NSE_INDEX,spot,11.95,,,,0,0,12.19,12.67,10.81,12.19
2026-08-05T15:31:02.378,NIFTY25AUG26FUT,NFO,future,24650.0,24648.0,24650.0,2.0,2899975,12368655,24715.0,24740.0,24565.0,24555.6
2026-08-05T15:31:02.921,SENSEX27AUG26FUT,BFO,future,78845.0,78844.35,78894.75,50.4,23880,36000,78932.0,79211.3,78612.9,78652.85
2026-08-05T15:31:03.472,NIFTY,NSE_INDEX,spot,24624.65,,,,0,0,24669.2,24677.6,24497.95,24614.9
2026-08-05T15:31:04.037,SENSEX,BSE_INDEX,spot,78581.0,,,,0,0,79055.38,79055.38,78285.74,78428.95
2026-08-05T15:31:04.571,INDIAVIX,NSE_INDEX,spot,11.95,,,,0,0,12.19,12.67,10.81,12.19
2026-08-05T15:31:05.122,NIFTY25AUG26FUT,NFO,future,24650.0,24647.9,24653.9,6.0,2900170,12368655,24715.0,24740.0,24565.0,24555.6
2026-08-05T15:31:05.679,SENSEX27AUG26FUT,BFO,future,78845.0,78812.45,78869.0,56.55,23880,36000,78932.0,79211.3,78612.9,78652.85
2026-08-05T15:31:06.226,NIFTY,NSE_INDEX,spot,24624.65,,,,0,0,24669.2,24677.6,24497.95,24614.9
2026-08-05T15:31:06.772,SENSEX,BSE_INDEX,spot,78581.0,,,,0,0,79055.38,79055.38,78285.74,78428.95
2026-08-05T15:31:07.332,INDIAVIX,NSE_INDEX,spot,11.95,,,,0,0,12.19,12.67,10.81,12.19
2026-08-05T15:31:07.882,NIFTY25AUG26FUT,NFO,future,24651.0,24651.0,24654.0,3.0,2900430,12368655,24715.0,24740.0,24565.0,24555.6
2026-08-05T15:31:08.421,SENSEX27AUG26FUT,BFO,future,78845.0,78799.75,78861.1,61.35,23880,36000,78932.0,79211.3,78612.9,78652.85
2026-08-05T15:31:08.972,NIFTY,NSE_INDEX,spot,24624.65,,,,0,0,24669.2,24677.6,24497.95,24614.9
2026-08-05T15:31:09.520,SENSEX,BSE_INDEX,spot,78581.0,,,,0,0,79055.38,79055.38,78285.74,78428.95
2026-08-05T15:31:10.076,INDIAVIX,NSE_INDEX,spot,11.96,,,,0,0,12.19,12.67,10.81,12.19
2026-08-05T15:31:10.626,NIFTY25AUG26FUT,NFO,future,24654.0,24650.0,24654.0,4.0,2900560,12368655,24715.0,24740.0,24565.0,24555.6
2026-08-05T15:31:11.172,SENSEX27AUG26FUT,BFO,future,78845.0,78812.55,78870.4,57.85,23880,36000,78932.0,79211.3,78612.9,78652.85
2026-08-05T15:31:11.725,NIFTY,NSE_INDEX,spot,24624.65,,,,0,0,24669.2,24677.6,24497.95,24614.9
2026-08-05T15:31:12.274,SENSEX,BSE_INDEX,spot,78581.0,,,,0,0,79055.38,79055.38,78285.74,78428.95
2026-08-05T15:31:12.825,INDIAVIX,NSE_INDEX,spot,11.96,,,,0,0,12.19,12.67,10.81,12.19
2026-08-05T15:31:13.393,NIFTY25AUG26FUT,NFO,future,24654.0,24648.0,24654.8,6.8,2900950,12368655,24715.0,24740.0,24565.0,24555.6
2026-08-05T15:31:13.929,SENSEX27AUG26FUT,BFO,future,78845.0,78836.0,78884.1,48.1,23880,36000,78932.0,79211.3,78612.9,78652.85
2026-08-05T15:31:14.475,NIFTY,NSE_INDEX,spot,24624.65,,,,0,0,24669.2,24677.6,24497.95,24614.9
2026-08-05T15:31:15.023,SENSEX,BSE_INDEX,spot,78581.0,,,,0,0,79055.38,79055.38,78285.74,78428.95
2026-08-05T15:31:15.585,INDIAVIX,NSE_INDEX,spot,11.96,,,,0,0,12.19,12.67,10.81,12.19
2026-08-05T15:31:16.123,NIFTY25AUG26FUT,NFO,future,24648.0,24648.0,24653.2,5.2,2900950,12368655,24715.0,24740.0,24565.0,24555.6
2026-08-05T15:31:16.673,SENSEX27AUG26FUT,BFO,future,78845.0,78823.7,78888.8,65.1,23880,36000,78932.0,79211.3,78612.9,78652.85
2026-08-05T15:31:17.283,NIFTY,NSE_INDEX,spot,24624.65,,,,0,0,24669.2,24677.6,24497.95,24614.9
2026-08-05T15:31:17.773,SENSEX,BSE_INDEX,spot,78581.0,,,,0,0,79055.38,79055.38,78285.74,78428.95
2026-08-05T15:31:18.320,INDIAVIX,NSE_INDEX,spot,11.96,,,,0,0,12.19,12.67,10.81,12.19
2026-08-05T15:31:18.952,NIFTY25AUG26FUT,NFO,future,24645.7,24645.6,24653.0,7.4,2901145,12368655,24715.0,24740.0,24565.0,24555.6
2026-08-05T15:31:19.421,SENSEX27AUG26FUT,BFO,future,78845.0,78833.15,78890.4,57.25,23880,36000,78932.0,79211.3,78612.9,78652.85
2026-08-05T15:31:19.969,NIFTY,NSE_INDEX,spot,24624.65,,,,0,0,24669.2,24677.6,24497.95,24614.9
2026-08-05T15:31:20.532,SENSEX,BSE_INDEX,spot,78581.0,,,,0,0,79055.38,79055.38,78285.74,78428.95
2026-08-05T15:31:21.080,INDIAVIX,NSE_INDEX,spot,11.96,,,,0,0,12.19,12.67,10.81,12.19
2026-08-05T15:31:21.654,NIFTY25AUG26FUT,NFO,future,24652.4,24645.6,24650.0,4.4,2901275,12368655,24715.0,24740.0,24565.0,24555.6
2026-08-05T15:31:22.198,SENSEX27AUG26FUT,BFO,future,78845.0,78839.85,78890.35,50.5,23880,36000,78932.0,79211.3,78612.9,78652.85
2026-08-05T15:31:22.726,NIFTY,NSE_INDEX,spot,24624.65,,,,0,0,24669.2,24677.6,24497.95,24614.9
2026-08-05T15:31:23.383,SENSEX,BSE_INDEX,spot,78581.0,,,,0,0,79055.38,79055.38,78285.74,78428.95
2026-08-05T15:31:23.824,INDIAVIX,NSE_INDEX,spot,11.96,,,,0,0,12.19,12.67,10.81,12.19
2026-08-05T15:31:24.382,NIFTY25AUG26FUT,NFO,future,24650.0,24648.0,24650.0,2.0,2901275,12368655,24715.0,24740.0,24565.0,24555.6
2026-08-05T15:31:24.925,SENSEX27AUG26FUT,BFO,future,78845.0,78841.25,78893.05,51.8,23880,36000,78932.0,79211.3,78612.9,78652.85
2026-08-05T15:31:25.475,NIFTY,NSE_INDEX,spot,24624.65,,,,0,0,24669.2,24677.6,24497.95,24614.9
2026-08-05T15:31:26.031,SENSEX,BSE_INDEX,spot,78581.0,,,,0,0,79055.38,79055.38,78285.74,78428.95
2026-08-05T15:31:26.573,INDIAVIX,NSE_INDEX,spot,11.96,,,,0,0,12.19,12.67,10.81,12.19
2026-08-05T15:31:27.136,NIFTY25AUG26FUT,NFO,future,24648.0,24646.2,24650.0,3.8,2901405,12368655,24715.0,24740.0,24565.0,24555.6
2026-08-05T15:31:27.679,SENSEX27AUG26FUT,BFO,future,78845.0,78831.2,78894.6,63.4,23880,36000,78932.0,79211.3,78612.9,78652.85
2026-08-05T15:31:28.224,NIFTY,NSE_INDEX,spot,24624.65,,,,0,0,24669.2,24677.6,24497.95,24614.9
2026-08-05T15:31:28.801,SENSEX,BSE_INDEX,spot,78581.0,,,,0,0,79055.38,79055.38,78285.74,78428.95
2026-08-05T15:31:29.320,INDIAVIX,NSE_INDEX,spot,11.96,,,,0,0,12.19,12.67,10.81,12.19
2026-08-05T15:31:29.917,NIFTY25AUG26FUT,NFO,future,24647.0,24647.0,24651.0,4.0,2901535,12368655,24715.0,24740.0,24565.0,24555.6
2026-08-05T15:31:30.428,SENSEX27AUG26FUT,BFO,future,78845.0,78835.45,78889.4,53.95,23880,36000,78932.0,79211.3,78612.9,78652.85
2026-08-05T15:31:30.974,NIFTY,NSE_INDEX,spot,24624.65,,,,0,0,24669.2,24677.6,24497.95,24614.9
2026-08-05T15:31:31.670,SENSEX,BSE_INDEX,spot,78581.0,,,,0,0,79055.38,79055.38,78285.74,78428.95
2026-08-05T15:31:32.106,INDIAVIX,NSE_INDEX,spot,11.96,,,,0,0,12.19,12.67,10.81,12.19
2026-08-05T15:31:32.628,NIFTY25AUG26FUT,NFO,future,24647.0,24647.0,24651.0,4.0,2901600,12368655,24715.0,24740.0,24565.0,24555.6
2026-08-05T15:31:33.175,SENSEX27AUG26FUT,BFO,future,78845.0,78831.9,78883.05,51.15,23880,36060,78932.0,79211.3,78612.9,78652.85
2026-08-05T15:31:33.731,NIFTY,NSE_INDEX,spot,24624.65,,,,0,0,24669.2,24677.6,24497.95,24614.9
2026-08-05T15:31:34.274,SENSEX,BSE_INDEX,spot,78581.0,,,,0,0,79055.38,79055.38,78285.74,78428.95
2026-08-05T15:31:34.833,INDIAVIX,NSE_INDEX,spot,11.96,,,,0,0,12.19,12.67,10.81,12.19
2026-08-05T15:31:35.370,NIFTY25AUG26FUT,NFO,future,24651.0,24647.0,24651.0,4.0,2901665,12368655,24715.0,24740.0,24565.0,24555.6
2026-08-05T15:31:35.929,SENSEX27AUG26FUT,BFO,future,78845.0,78810.55,78875.8,65.25,23880,36060,78932.0,79211.3,78612.9,78652.85
2026-08-05T15:31:36.470,NIFTY,NSE_INDEX,spot,24624.65,,,,0,0,24669.2,24677.6,24497.95,24614.9
2026-08-05T15:31:37.021,SENSEX,BSE_INDEX,spot,78581.0,,,,0,0,79055.38,79055.38,78285.74,78428.95
2026-08-05T15:31:37.569,INDIAVIX,NSE_INDEX,spot,11.96,,,,0,0,12.19,12.67,10.81,12.19
2026-08-05T15:31:38.172,NIFTY25AUG26FUT,NFO,future,24651.0,24647.0,24651.0,4.0,2901665,12368655,24715.0,24740.0,24565.0,24555.6
2026-08-05T15:31:38.679,SENSEX27AUG26FUT,BFO,future,78845.0,78818.9,78875.35,56.45,23880,36060,78932.0,79211.3,78612.9,78652.85
2026-08-05T15:31:39.223,NIFTY,NSE_INDEX,spot,24624.65,,,,0,0,24669.2,24677.6,24497.95,24614.9
2026-08-05T15:31:39.771,SENSEX,BSE_INDEX,spot,78581.0,,,,0,0,79055.38,79055.38,78285.74,78428.95
2026-08-05T15:31:40.321,INDIAVIX,NSE_INDEX,spot,11.96,,,,0,0,12.19,12.67,10.81,12.19
2026-08-05T15:31:40.874,NIFTY25AUG26FUT,NFO,future,24651.0,24647.0,24650.9,3.9,2901795,12368655,24715.0,24740.0,24565.0,24555.6
2026-08-05T15:31:41.425,SENSEX27AUG26FUT,BFO,future,78845.0,78824.4,78878.8,54.4,23880,36060,78932.0,79211.3,78612.9,78652.85
2026-08-05T15:31:41.989,NIFTY,NSE_INDEX,spot,24624.65,,,,0,0,24669.2,24677.6,24497.95,24614.9
2026-08-05T15:31:42.523,SENSEX,BSE_INDEX,spot,78581.0,,,,0,0,79055.38,79055.38,78285.74,78428.95
2026-08-05T15:31:43.078,INDIAVIX,NSE_INDEX,spot,11.96,,,,0,0,12.19,12.67,10.81,12.19
2026-08-05T15:31:43.627,NIFTY25AUG26FUT,NFO,future,24647.0,24647.0,24650.9,3.9,2901795,12367485,24715.0,24740.0,24565.0,24555.6
2026-08-05T15:31:44.190,SENSEX27AUG26FUT,BFO,future,78845.0,78824.9,78886.35,61.45,23880,36060,78932.0,79211.3,78612.9,78652.85
2026-08-05T15:31:44.727,NIFTY,NSE_INDEX,spot,24624.65,,,,0,0,24669.2,24677.6,24497.95,24614.9
2026-08-05T15:31:45.284,SENSEX,BSE_INDEX,spot,78581.0,,,,0,0,79055.38,79055.38,78285.74,78428.95
2026-08-05T15:31:45.821,INDIAVIX,NSE_INDEX,spot,11.96,,,,0,0,12.19,12.67,10.81,12.19
2026-08-05T15:31:46.388,NIFTY25AUG26FUT,NFO,future,24647.0,24645.7,24647.0,1.3,2901860,12367485,24715.0,24740.0,24565.0,24555.6
2026-08-05T15:31:46.984,SENSEX27AUG26FUT,BFO,future,78845.0,78830.55,78882.95,52.4,23880,36060,78932.0,79211.3,78612.9,78652.85
2026-08-05T15:31:47.471,NIFTY,NSE_INDEX,spot,24624.65,,,,0,0,24669.2,24677.6,24497.95,24614.9
2026-08-05T15:31:48.024,SENSEX,BSE_INDEX,spot,78581.0,,,,0,0,79055.38,79055.38,78285.74,78428.95
2026-08-05T15:31:48.577,INDIAVIX,NSE_INDEX,spot,11.96,,,,0,0,12.19,12.67,10.81,12.19
2026-08-05T15:31:49.121,NIFTY25AUG26FUT,NFO,future,24647.0,24645.7,24647.0,1.3,2902055,12367485,24715.0,24740.0,24565.0,24555.6
2026-08-05T15:31:49.716,SENSEX27AUG26FUT,BFO,future,78845.0,78834.8,78887.85,53.05,23880,36060,78932.0,79211.3,78612.9,78652.85
2026-08-05T15:31:50.221,NIFTY,NSE_INDEX,spot,24624.65,,,,0,0,24669.2,24677.6,24497.95,24614.9
2026-08-05T15:31:50.770,SENSEX,BSE_INDEX,spot,78581.0,,,,0,0,79055.38,79055.38,78285.74,78428.95
2026-08-05T15:31:51.322,INDIAVIX,NSE_INDEX,spot,11.96,,,,0,0,12.19,12.67,10.81,12.19
2026-08-05T15:31:51.872,NIFTY25AUG26FUT,NFO,future,24647.0,24645.9,24650.0,4.1,2902250,12367485,24715.0,24740.0,24565.0,24555.6
2026-08-05T15:31:52.427,SENSEX27AUG26FUT,BFO,future,78845.0,78830.25,78885.85,55.6,23880,36060,78932.0,79211.3,78612.9,78652.85
2026-08-05T15:31:52.975,NIFTY,NSE_INDEX,spot,24624.65,,,,0,0,24669.2,24677.6,24497.95,24614.9
2026-08-05T15:31:53.523,SENSEX,BSE_INDEX,spot,78581.0,,,,0,0,79055.38,79055.38,78285.74,78428.95
2026-08-05T15:31:54.205,INDIAVIX,NSE_INDEX,spot,11.96,,,,0,0,12.19,12.67,10.81,12.19
2026-08-05T15:31:54.627,NIFTY25AUG26FUT,NFO,future,24647.0,24646.0,24650.0,4.0,2902250,12367485,24715.0,24740.0,24565.0,24555.6
2026-08-05T15:31:55.169,SENSEX27AUG26FUT,BFO,future,78845.0,78824.05,78888.05,64.0,23880,36060,78932.0,79211.3,78612.9,78652.85
2026-08-05T15:31:55.718,NIFTY,NSE_INDEX,spot,24624.65,,,,0,0,24669.2,24677.6,24497.95,24614.9
2026-08-05T15:31:56.273,SENSEX,BSE_INDEX,spot,78581.0,,,,0,0,79055.38,79055.38,78285.74,78428.95
2026-08-05T15:31:56.825,INDIAVIX,NSE_INDEX,spot,11.99,,,,0,0,12.19,12.67,10.81,12.19
2026-08-05T15:31:57.384,NIFTY25AUG26FUT,NFO,future,24645.0,24646.0,24650.0,4.0,2902250,12367485,24715.0,24740.0,24565.0,24555.6
2026-08-05T15:31:57.935,SENSEX27AUG26FUT,BFO,future,78845.0,78820.25,78884.65,64.4,23880,36060,78932.0,79211.3,78612.9,78652.85
2026-08-05T15:31:58.496,NIFTY,NSE_INDEX,spot,24624.65,,,,0,0,24669.2,24677.6,24497.95,24614.9
2026-08-05T15:31:59.022,SENSEX,BSE_INDEX,spot,78581.0,,,,0,0,79055.38,79055.38,78285.74,78428.95
2026-08-05T15:31:59.648,INDIAVIX,NSE_INDEX,spot,11.99,,,,0,0,12.19,12.67,10.81,12.19
2026-08-05T15:32:00.122,NIFTY25AUG26FUT,NFO,future,24645.9,24645.9,24647.0,1.1,2902900,12367485,24715.0,24740.0,24565.0,24555.6
2026-08-05T15:32:00.762,SENSEX27AUG26FUT,BFO,future,78884.55,78832.15,78884.1,51.95,23900,36060,78932.0,79211.3,78612.9,78652.85
2026-08-05T15:32:01.222,NIFTY,NSE_INDEX,spot,24624.65,,,,0,0,24669.2,24677.6,24497.95,24614.9
2026-08-05T15:32:01.774,SENSEX,BSE_INDEX,spot,78581.0,,,,0,0,79055.38,79055.38,78285.74,78428.95
2026-08-05T15:32:02.329,INDIAVIX,NSE_INDEX,spot,11.99,,,,0,0,12.19,12.67,10.81,12.19
2026-08-05T15:32:02.945,NIFTY25AUG26FUT,NFO,future,24647.0,24645.9,24649.9,4.0,2903030,12367485,24715.0,24740.0,24565.0,24555.6
2026-08-05T15:32:03.432,SENSEX27AUG26FUT,BFO,future,78884.55,78833.1,78885.2,52.1,23900,36060,78932.0,79211.3,78612.9,78652.85
2026-08-05T15:32:03.969,NIFTY,NSE_INDEX,spot,24624.65,,,,0,0,24669.2,24677.6,24497.95,24614.9
2026-08-05T15:32:04.530,SENSEX,BSE_INDEX,spot,78581.0,,,,0,0,79055.38,79055.38,78285.74,78428.95
2026-08-05T15:32:05.097,INDIAVIX,NSE_INDEX,spot,11.98,,,,0,0,12.19,12.67,10.81,12.19
2026-08-05T15:32:05.627,NIFTY25AUG26FUT,NFO,future,24647.0,24645.9,24648.8,2.9,2903030,12367485,24715.0,24740.0,24565.0,24555.6
2026-08-05T15:32:06.179,SENSEX27AUG26FUT,BFO,future,78884.55,78835.75,78886.45,50.7,23900,36060,78932.0,79211.3,78612.9,78652.85
2026-08-05T15:32:06.730,NIFTY,NSE_INDEX,spot,24624.65,,,,0,0,24669.2,24677.6,24497.95,24614.9
2026-08-05T15:32:07.277,SENSEX,BSE_INDEX,spot,78581.0,,,,0,0,79055.38,79055.38,78285.74,78428.95
2026-08-05T15:32:07.860,INDIAVIX,NSE_INDEX,spot,11.99,,,,0,0,12.19,12.67,10.81,12.19
2026-08-05T15:32:08.370,NIFTY25AUG26FUT,NFO,future,24647.0,24645.9,24647.0,1.1,2903030,12367485,24715.0,24740.0,24565.0,24555.6
2026-08-05T15:32:08.919,SENSEX27AUG26FUT,BFO,future,78884.55,78834.8,78886.35,51.55,23900,36060,78932.0,79211.3,78612.9,78652.85
2026-08-05T15:32:09.470,NIFTY,NSE_INDEX,spot,24624.65,,,,0,0,24669.2,24677.6,24497.95,24614.9
2026-08-05T15:32:10.064,SENSEX,BSE_INDEX,spot,78581.0,,,,0,0,79055.38,79055.38,78285.74,78428.95
2026-08-05T15:32:10.572,INDIAVIX,NSE_INDEX,spot,11.98,,,,0,0,12.19,12.67,10.81,12.19
2026-08-05T15:32:11.120,NIFTY25AUG26FUT,NFO,future,24645.9,24645.9,24647.0,1.1,2903030,12367485,24715.0,24740.0,24565.0,24555.6
2026-08-05T15:32:11.671,SENSEX27AUG26FUT,BFO,future,78884.55,78830.05,78882.55,52.5,23900,36060,78932.0,79211.3,78612.9,78652.85
2026-08-05T15:32:12.219,NIFTY,NSE_INDEX,spot,24624.65,,,,0,0,24669.2,24677.6,24497.95,24614.9
2026-08-05T15:32:12.814,SENSEX,BSE_INDEX,spot,78581.0,,,,0,0,79055.38,79055.38,78285.74,78428.95
2026-08-05T15:32:13.363,INDIAVIX,NSE_INDEX,spot,11.98,,,,0,0,12.19,12.67,10.81,12.19
2026-08-05T15:32:13.880,NIFTY25AUG26FUT,NFO,future,24645.9,24645.0,24645.9,0.9,2903160,12367485,24715.0,24740.0,24565.0,24555.6
2026-08-05T15:32:14.465,SENSEX27AUG26FUT,BFO,future,78884.55,78834.4,78886.15,51.75,23900,36060,78932.0,79211.3,78612.9,78652.85
2026-08-05T15:32:14.974,NIFTY,NSE_INDEX,spot,24624.65,,,,0,0,24669.2,24677.6,24497.95,24614.9
2026-08-05T15:32:15.524,SENSEX,BSE_INDEX,spot,78581.0,,,,0,0,79055.38,79055.38,78285.74,78428.95
2026-08-05T15:32:16.124,INDIAVIX,NSE_INDEX,spot,11.99,,,,0,0,12.19,12.67,10.81,12.19
2026-08-05T15:32:16.626,NIFTY25AUG26FUT,NFO,future,24645.0,24645.0,24645.9,0.9,2903550,12367485,24715.0,24740.0,24565.0,24555.6
2026-08-05T15:32:17.182,SENSEX27AUG26FUT,BFO,future,78884.55,78833.8,78884.5,50.7,23900,36060,78932.0,79211.3,78612.9,78652.85
2026-08-05T15:32:17.798,NIFTY,NSE_INDEX,spot,24624.65,,,,0,0,24669.2,24677.6,24497.95,24614.9
2026-08-05T15:32:18.282,SENSEX,BSE_INDEX,spot,78581.0,,,,0,0,79055.38,79055.38,78285.74,78428.95
2026-08-05T15:32:18.820,INDIAVIX,NSE_INDEX,spot,11.98,,,,0,0,12.19,12.67,10.81,12.19
2026-08-05T15:32:19.383,NIFTY25AUG26FUT,NFO,future,24645.1,24645.1,24645.9,0.8,2903810,12367485,24715.0,24740.0,24565.0,24555.6
2026-08-05T15:32:19.931,SENSEX27AUG26FUT,BFO,future,78884.55,78824.8,78884.35,59.55,23900,36060,78932.0,79211.3,78612.9,78652.85
2026-08-05T15:32:20.476,NIFTY,NSE_INDEX,spot,24624.65,,,,0,0,24669.2,24677.6,24497.95,24614.9
2026-08-05T15:32:21.041,SENSEX,BSE_INDEX,spot,78581.0,,,,0,0,79055.38,79055.38,78285.74,78428.95
2026-08-05T15:32:21.602,INDIAVIX,NSE_INDEX,spot,11.98,,,,0,0,12.19,12.67,10.81,12.19
2026-08-05T15:32:22.127,NIFTY25AUG26FUT,NFO,future,24645.0,24645.0,24645.9,0.9,2904070,12367485,24715.0,24740.0,24565.0,24555.6
2026-08-05T15:32:22.672,SENSEX27AUG26FUT,BFO,future,78884.55,78829.5,78881.6,52.1,23900,36060,78932.0,79211.3,78612.9,78652.85
2026-08-05T15:32:23.227,NIFTY,NSE_INDEX,spot,24624.65,,,,0,0,24669.2,24677.6,24497.95,24614.9
2026-08-05T15:32:23.771,SENSEX,BSE_INDEX,spot,78581.0,,,,0,0,79055.38,79055.38,78285.74,78428.95
2026-08-05T15:32:24.320,INDIAVIX,NSE_INDEX,spot,11.98,,,,0,0,12.19,12.67,10.81,12.19
2026-08-05T15:32:24.870,NIFTY25AUG26FUT,NFO,future,24645.0,24645.0,24647.0,2.0,2904135,12367485,24715.0,24740.0,24565.0,24555.6
2026-08-05T15:32:25.424,SENSEX27AUG26FUT,BFO,future,78884.55,78817.9,78879.25,61.35,23900,36060,78932.0,79211.3,78612.9,78652.85
2026-08-05T15:32:25.972,NIFTY,NSE_INDEX,spot,24624.65,,,,0,0,24669.2,24677.6,24497.95,24614.9
2026-08-05T15:32:26.527,SENSEX,BSE_INDEX,spot,78581.0,,,,0,0,79055.38,79055.38,78285.74,78428.95
2026-08-05T15:32:27.072,INDIAVIX,NSE_INDEX,spot,11.98,,,,0,0,12.19,12.67,10.81,12.19
2026-08-05T15:32:27.622,NIFTY25AUG26FUT,NFO,future,24645.0,24645.0,24647.0,2.0,2904135,12367485,24715.0,24740.0,24565.0,24555.6
2026-08-05T15:32:28.175,SENSEX27AUG26FUT,BFO,future,78884.55,78828.7,78878.25,49.55,23900,36060,78932.0,79211.3,78612.9,78652.85
2026-08-05T15:32:28.721,NIFTY,NSE_INDEX,spot,24624.65,,,,0,0,24669.2,24677.6,24497.95,24614.9
2026-08-05T15:32:29.271,SENSEX,BSE_INDEX,spot,78581.0,,,,0,0,79055.38,79055.38,78285.74,78428.95
2026-08-05T15:32:29.827,INDIAVIX,NSE_INDEX,spot,11.98,,,,0,0,12.19,12.67,10.81,12.19
2026-08-05T15:32:30.392,NIFTY25AUG26FUT,NFO,future,24645.1,24645.1,24648.9,3.8,2904200,12367485,24715.0,24740.0,24565.0,24555.6
2026-08-05T15:32:30.924,SENSEX27AUG26FUT,BFO,future,78884.55,78829.8,78880.85,51.05,23900,36060,78932.0,79211.3,78612.9,78652.85
2026-08-05T15:32:31.477,NIFTY,NSE_INDEX,spot,24624.65,,,,0,0,24669.2,24677.6,24497.95,24614.9
2026-08-05T15:32:32.026,SENSEX,BSE_INDEX,spot,78581.0,,,,0,0,79055.38,79055.38,78285.74,78428.95
2026-08-05T15:32:32.571,INDIAVIX,NSE_INDEX,spot,11.99,,,,0,0,12.19,12.67,10.81,12.19
2026-08-05T15:32:33.125,NIFTY25AUG26FUT,NFO,future,24645.1,24645.1,24649.9,4.8,2904330,12367485,24715.0,24740.0,24565.0,24555.6
2026-08-05T15:32:33.674,SENSEX27AUG26FUT,BFO,future,78884.55,78832.25,78880.0,47.75,23900,36060,78932.0,79211.3,78612.9,78652.85
2026-08-05T15:32:34.222,NIFTY,NSE_INDEX,spot,24624.65,,,,0,0,24669.2,24677.6,24497.95,24614.9
2026-08-05T15:32:34.866,SENSEX,BSE_INDEX,spot,78581.0,,,,0,0,79055.38,79055.38,78285.74,78428.95
2026-08-05T15:32:35.323,INDIAVIX,NSE_INDEX,spot,11.99,,,,0,0,12.19,12.67,10.81,12.19
2026-08-05T15:32:35.892,NIFTY25AUG26FUT,NFO,future,24645.1,24645.1,24649.9,4.8,2904330,12367485,24715.0,24740.0,24565.0,24555.6
2026-08-05T15:32:36.429,SENSEX27AUG26FUT,BFO,future,78884.55,78826.1,78878.9,52.8,23900,36060,78932.0,79211.3,78612.9,78652.85
2026-08-05T15:32:36.979,NIFTY,NSE_INDEX,spot,24624.65,,,,0,0,24669.2,24677.6,24497.95,24614.9
2026-08-05T15:32:37.577,SENSEX,BSE_INDEX,spot,78581.0,,,,0,0,79055.38,79055.38,78285.74,78428.95
2026-08-05T15:32:38.073,INDIAVIX,NSE_INDEX,spot,11.98,,,,0,0,12.19,12.67,10.81,12.19
2026-08-05T15:32:38.630,NIFTY25AUG26FUT,NFO,future,24645.0,24645.0,24649.9,4.9,2904525,12367485,24715.0,24740.0,24565.0,24555.6
2026-08-05T15:32:39.179,SENSEX27AUG26FUT,BFO,future,78884.55,78827.5,78879.55,52.05,23900,36060,78932.0,79211.3,78612.9,78652.85
2026-08-05T15:32:39.720,NIFTY,NSE_INDEX,spot,24624.65,,,,0,0,24669.2,24677.6,24497.95,24614.9
2026-08-05T15:32:40.280,SENSEX,BSE_INDEX,spot,78581.0,,,,0,0,79055.38,79055.38,78285.74,78428.95
2026-08-05T15:32:40.820,INDIAVIX,NSE_INDEX,spot,11.99,,,,0,0,12.19,12.67,10.81,12.19
2026-08-05T15:32:41.370,NIFTY25AUG26FUT,NFO,future,24645.0,24645.2,24649.9,4.7,2904525,12367485,24715.0,24740.0,24565.0,24555.6
2026-08-05T15:32:41.927,SENSEX27AUG26FUT,BFO,future,78884.55,78828.3,78879.95,51.65,23900,36060,78932.0,79211.3,78612.9,78652.85
2026-08-05T15:32:42.471,NIFTY,NSE_INDEX,spot,24624.65,,,,0,0,24669.2,24677.6,24497.95,24614.9
2026-08-05T15:32:43.023,SENSEX,BSE_INDEX,spot,78581.0,,,,0,0,79055.38,79055.38,78285.74,78428.95
2026-08-05T15:32:43.571,INDIAVIX,NSE_INDEX,spot,11.99,,,,0,0,12.19,12.67,10.81,12.19
2026-08-05T15:32:44.120,NIFTY25AUG26FUT,NFO,future,24645.0,24645.2,24649.5,4.3,2904525,12367485,24715.0,24740.0,24565.0,24555.6
2026-08-05T15:32:44.687,SENSEX27AUG26FUT,BFO,future,78884.55,78826.8,78878.85,52.05,23900,36060,78932.0,79211.3,78612.9,78652.85
2026-08-05T15:32:45.223,NIFTY,NSE_INDEX,spot,24624.65,,,,0,0,24669.2,24677.6,24497.95,24614.9
2026-08-05T15:32:45.773,SENSEX,BSE_INDEX,spot,78581.0,,,,0,0,79055.38,79055.38,78285.74,78428.95
2026-08-05T15:32:46.322,INDIAVIX,NSE_INDEX,spot,11.99,,,,0,0,12.19,12.67,10.81,12.19
2026-08-05T15:32:46.875,NIFTY25AUG26FUT,NFO,future,24645.1,24645.1,24651.0,5.9,2905175,12367420,24715.0,24740.0,24565.0,24555.6
2026-08-05T15:32:47.422,SENSEX27AUG26FUT,BFO,future,78878.25,78828.55,78880.0,51.45,23920,36060,78932.0,79211.3,78612.9,78652.85
2026-08-05T15:32:47.978,NIFTY,NSE_INDEX,spot,24624.65,,,,0,0,24669.2,24677.6,24497.95,24614.9
2026-08-05T15:32:48.522,SENSEX,BSE_INDEX,spot,78581.0,,,,0,0,79055.38,79055.38,78285.74,78428.95
2026-08-05T15:32:49.088,INDIAVIX,NSE_INDEX,spot,11.99,,,,0,0,12.19,12.67,10.81,12.19
2026-08-05T15:32:49.634,NIFTY25AUG26FUT,NFO,future,24645.1,24645.1,24651.0,5.9,2905305,12367420,24715.0,24740.0,24565.0,24555.6
2026-08-05T15:32:50.170,SENSEX27AUG26FUT,BFO,future,78878.25,78827.45,78879.8,52.35,23920,36060,78932.0,79211.3,78612.9,78652.85
2026-08-05T15:32:50.722,NIFTY,NSE_INDEX,spot,24624.65,,,,0,0,24669.2,24677.6,24497.95,24614.9
2026-08-05T15:32:51.282,SENSEX,BSE_INDEX,spot,78581.0,,,,0,0,79055.38,79055.38,78285.74,78428.95
2026-08-05T15:32:51.843,INDIAVIX,NSE_INDEX,spot,12.0,,,,0,0,12.19,12.67,10.81,12.19
2026-08-05T15:32:52.372,NIFTY25AUG26FUT,NFO,future,24645.1,24645.1,24651.0,5.9,2905305,12367420,24715.0,24740.0,24565.0,24555.6
2026-08-05T15:32:52.926,SENSEX27AUG26FUT,BFO,future,78878.25,78822.25,78879.15,56.9,23920,36060,78932.0,79211.3,78612.9,78652.85
2026-08-05T15:32:53.473,NIFTY,NSE_INDEX,spot,24624.65,,,,0,0,24669.2,24677.6,24497.95,24614.9
2026-08-05T15:32:54.020,SENSEX,BSE_INDEX,spot,78581.0,,,,0,0,79055.38,79055.38,78285.74,78428.95
2026-08-05T15:32:54.572,INDIAVIX,NSE_INDEX,spot,11.95,,,,0,0,12.19,12.67,10.81,12.19
2026-08-05T15:32:55.127,NIFTY25AUG26FUT,NFO,future,24645.1,24645.0,24650.8,5.8,2905370,12367420,24715.0,24740.0,24565.0,24555.6
2026-08-05T15:32:55.674,SENSEX27AUG26FUT,BFO,future,78878.25,78822.5,78878.35,55.85,23920,36060,78932.0,79211.3,78612.9,78652.85
2026-08-05T15:32:56.221,NIFTY,NSE_INDEX,spot,24624.65,,,,0,0,24669.2,24677.6,24497.95,24614.9
2026-08-05T15:32:56.773,SENSEX,BSE_INDEX,spot,78581.0,,,,0,0,79055.38,79055.38,78285.74,78428.95
2026-08-05T15:32:57.323,INDIAVIX,NSE_INDEX,spot,11.95,,,,0,0,12.19,12.67,10.81,12.19
2026-08-05T15:32:57.874,NIFTY25AUG26FUT,NFO,future,24645.1,24646.0,24650.6,4.6,2905370,12367420,24715.0,24740.0,24565.0,24555.6
2026-08-05T15:32:58.426,SENSEX27AUG26FUT,BFO,future,78878.25,78823.0,78879.7,56.7,23920,36060,78932.0,79211.3,78612.9,78652.85
2026-08-05T15:32:58.971,NIFTY,NSE_INDEX,spot,24624.65,,,,0,0,24669.2,24677.6,24497.95,24614.9
2026-08-05T15:32:59.529,SENSEX,BSE_INDEX,spot,78581.0,,,,0,0,79055.38,79055.38,78285.74,78428.95
2026-08-05T15:33:00.072,INDIAVIX,NSE_INDEX,spot,11.94,,,,0,0,12.19,12.67,10.81,12.19
2026-08-05T15:33:00.639,NIFTY25AUG26FUT,NFO,future,24650.6,24646.0,24651.0,5.0,2905435,12367420,24715.0,24740.0,24565.0,24555.6
2026-08-05T15:33:01.175,SENSEX27AUG26FUT,BFO,future,78878.25,78829.0,78880.0,51.0,23920,36060,78932.0,79211.3,78612.9,78652.85
2026-08-05T15:33:01.721,NIFTY,NSE_INDEX,spot,24624.65,,,,0,0,24669.2,24677.6,24497.95,24614.9
2026-08-05T15:33:02.271,SENSEX,BSE_INDEX,spot,78581.0,,,,0,0,79055.38,79055.38,78285.74,78428.95
2026-08-05T15:33:02.819,INDIAVIX,NSE_INDEX,spot,11.98,,,,0,0,12.19,12.67,10.81,12.19
2026-08-05T15:33:03.370,NIFTY25AUG26FUT,NFO,future,24654.0,24646.0,24654.0,8.0,2906215,12367420,24715.0,24740.0,24565.0,24555.6
2026-08-05T15:33:03.927,SENSEX27AUG26FUT,BFO,future,78830.05,78830.25,78880.0,49.75,23960,36060,78932.0,79211.3,78612.9,78652.85
2026-08-05T15:33:04.477,NIFTY,NSE_INDEX,spot,24624.65,,,,0,0,24669.2,24677.6,24497.95,24614.9
2026-08-05T15:33:05.022,SENSEX,BSE_INDEX,spot,78581.0,,,,0,0,79055.38,79055.38,78285.74,78428.95
2026-08-05T15:33:05.570,INDIAVIX,NSE_INDEX,spot,11.98,,,,0,0,12.19,12.67,10.81,12.19
2026-08-05T15:33:06.119,NIFTY25AUG26FUT,NFO,future,24650.6,24650.6,24654.0,3.4,2906215,12367420,24715.0,24740.0,24565.0,24555.6
2026-08-05T15:33:06.673,SENSEX27AUG26FUT,BFO,future,78830.05,78832.85,78880.0,47.15,23960,36060,78932.0,79211.3,78612.9,78652.85
2026-08-05T15:33:07.221,NIFTY,NSE_INDEX,spot,24624.65,,,,0,0,24669.2,24677.6,24497.95,24614.9
2026-08-05T15:33:07.767,SENSEX,BSE_INDEX,spot,78581.0,,,,0,0,79055.38,79055.38,78285.74,78428.95
2026-08-05T15:33:08.334,INDIAVIX,NSE_INDEX,spot,11.98,,,,0,0,12.19,12.67,10.81,12.19
2026-08-05T15:33:08.881,NIFTY25AUG26FUT,NFO,future,24646.0,24646.0,24654.0,8.0,2906475,12367420,24715.0,24740.0,24565.0,24555.6
2026-08-05T15:33:09.433,SENSEX27AUG26FUT,BFO,future,78830.05,78834.75,78880.0,45.25,23960,36060,78932.0,79211.3,78612.9,78652.85
2026-08-05T15:33:09.973,NIFTY,NSE_INDEX,spot,24624.65,,,,0,0,24669.2,24677.6,24497.95,24614.9
2026-08-05T15:33:10.535,SENSEX,BSE_INDEX,spot,78581.0,,,,0,0,79055.38,79055.38,78285.74,78428.95
2026-08-05T15:33:11.072,INDIAVIX,NSE_INDEX,spot,11.99,,,,0,0,12.19,12.67,10.81,12.19
2026-08-05T15:33:11.624,NIFTY25AUG26FUT,NFO,future,24646.0,24646.3,24652.0,5.7,2906605,12367420,24715.0,24740.0,24565.0,24555.6
2026-08-05T15:33:12.176,SENSEX27AUG26FUT,BFO,future,78889.5,78831.55,78888.65,57.1,24020,36060,78932.0,79211.3,78612.9,78652.85
2026-08-05T15:33:12.720,NIFTY,NSE_INDEX,spot,24624.65,,,,0,0,24669.2,24677.6,24497.95,24614.9
2026-08-05T15:33:13.281,SENSEX,BSE_INDEX,spot,78581.0,,,,0,0,79055.38,79055.38,78285.74,78428.95
2026-08-05T15:33:13.821,INDIAVIX,NSE_INDEX,spot,11.97,,,,0,0,12.19,12.67,10.81,12.19
2026-08-05T15:33:14.370,NIFTY25AUG26FUT,NFO,future,24646.0,24646.1,24652.0,5.9,2906605,12367420,24715.0,24740.0,24565.0,24555.6
2026-08-05T15:33:14.922,SENSEX27AUG26FUT,BFO,future,78889.5,78826.7,78886.55,59.85,24020,36060,78932.0,79211.3,78612.9,78652.85
2026-08-05T15:33:15.474,NIFTY,NSE_INDEX,spot,24624.65,,,,0,0,24669.2,24677.6,24497.95,24614.9
2026-08-05T15:33:16.022,SENSEX,BSE_INDEX,spot,78581.0,,,,0,0,79055.38,79055.38,78285.74,78428.95
2026-08-05T15:33:16.571,INDIAVIX,NSE_INDEX,spot,11.98,,,,0,0,12.19,12.67,10.81,12.19
2026-08-05T15:33:17.160,NIFTY25AUG26FUT,NFO,future,24652.0,24646.1,24653.6,7.5,2906670,12367420,24715.0,24740.0,24565.0,24555.6
2026-08-05T15:33:17.676,SENSEX27AUG26FUT,BFO,future,78889.5,78819.85,78879.8,59.95,24020,36060,78932.0,79211.3,78612.9,78652.85
2026-08-05T15:33:18.221,NIFTY,NSE_INDEX,spot,24624.65,,,,0,0,24669.2,24677.6,24497.95,24614.9
2026-08-05T15:33:18.769,SENSEX,BSE_INDEX,spot,78581.0,,,,0,0,79055.38,79055.38,78285.74,78428.95
2026-08-05T15:33:19.323,INDIAVIX,NSE_INDEX,spot,11.97,,,,0,0,12.19,12.67,10.81,12.19
2026-08-05T15:33:19.883,NIFTY25AUG26FUT,NFO,future,24654.0,24646.1,24654.0,7.9,2906995,12367420,24715.0,24740.0,24565.0,24555.6
2026-08-05T15:33:20.422,SENSEX27AUG26FUT,BFO,future,78889.5,78822.45,78878.25,55.8,24020,36060,78932.0,79211.3,78612.9,78652.85
2026-08-05T15:33:20.971,NIFTY,NSE_INDEX,spot,24624.65,,,,0,0,24669.2,24677.6,24497.95,24614.9
2026-08-05T15:33:21.532,SENSEX,BSE_INDEX,spot,78581.0,,,,0,0,79055.38,79055.38,78285.74,78428.95
2026-08-05T15:33:22.073,INDIAVIX,NSE_INDEX,spot,11.98,,,,0,0,12.19,12.67,10.81,12.19
2026-08-05T15:33:22.620,NIFTY25AUG26FUT,NFO,future,24654.0,24646.1,24654.0,7.9,2906995,12367420,24715.0,24740.0,24565.0,24555.6
2026-08-05T15:33:23.172,SENSEX27AUG26FUT,BFO,future,78889.5,78822.85,78879.2,56.35,24020,36060,78932.0,79211.3,78612.9,78652.85
2026-08-05T15:33:23.728,NIFTY,NSE_INDEX,spot,24624.65,,,,0,0,24669.2,24677.6,24497.95,24614.9
2026-08-05T15:33:24.289,SENSEX,BSE_INDEX,spot,78581.0,,,,0,0,79055.38,79055.38,78285.74,78428.95
2026-08-05T15:33:24.820,INDIAVIX,NSE_INDEX,spot,11.98,,,,0,0,12.19,12.67,10.81,12.19
2026-08-05T15:33:25.372,NIFTY25AUG26FUT,NFO,future,24646.1,24646.0,24654.0,8.0,2907385,12367420,24715.0,24740.0,24565.0,24555.6
2026-08-05T15:33:25.922,SENSEX27AUG26FUT,BFO,future,78889.5,78830.0,78876.0,46.0,24020,36060,78932.0,79211.3,78612.9,78652.85
2026-08-05T15:33:26.491,NIFTY,NSE_INDEX,spot,24624.65,,,,0,0,24669.2,24677.6,24497.95,24614.9
2026-08-05T15:33:27.021,SENSEX,BSE_INDEX,spot,78581.0,,,,0,0,79055.38,79055.38,78285.74,78428.95
2026-08-05T15:33:27.572,INDIAVIX,NSE_INDEX,spot,11.98,,,,0,0,12.19,12.67,10.81,12.19
2026-08-05T15:33:28.161,NIFTY25AUG26FUT,NFO,future,24654.0,24654.0,24654.9,0.9,2908295,12367420,24715.0,24740.0,24565.0,24555.6
2026-08-05T15:33:28.672,SENSEX27AUG26FUT,BFO,future,78889.5,78830.0,78878.85,48.85,24020,36060,78932.0,79211.3,78612.9,78652.85
2026-08-05T15:33:29.225,NIFTY,NSE_INDEX,spot,24624.65,,,,0,0,24669.2,24677.6,24497.95,24614.9
2026-08-05T15:33:29.771,SENSEX,BSE_INDEX,spot,78581.0,,,,0,0,79055.38,79055.38,78285.74,78428.95
2026-08-05T15:33:30.324,INDIAVIX,NSE_INDEX,spot,11.99,,,,0,0,12.19,12.67,10.81,12.19
2026-08-05T15:33:30.870,NIFTY25AUG26FUT,NFO,future,24654.0,24654.0,24654.2,0.2,2908360,12367420,24715.0,24740.0,24565.0,24555.6
2026-08-05T15:33:31.462,SENSEX27AUG26FUT,BFO,future,78889.5,78830.0,78872.9,42.9,24020,36060,78932.0,79211.3,78612.9,78652.85
2026-08-05T15:33:31.974,NIFTY,NSE_INDEX,spot,24624.65,,,,0,0,24669.2,24677.6,24497.95,24614.9
2026-08-05T15:33:32.518,SENSEX,BSE_INDEX,spot,78581.0,,,,0,0,79055.38,79055.38,78285.74,78428.95
2026-08-05T15:33:33.080,INDIAVIX,NSE_INDEX,spot,11.99,,,,0,0,12.19,12.67,10.81,12.19
2026-08-05T15:33:33.627,NIFTY25AUG26FUT,NFO,future,24654.0,24646.1,24654.9,8.8,2908620,12367420,24715.0,24740.0,24565.0,24555.6
2026-08-05T15:33:34.179,SENSEX27AUG26FUT,BFO,future,78889.5,78830.0,78874.8,44.8,24020,36060,78932.0,79211.3,78612.9,78652.85
2026-08-05T15:33:34.723,NIFTY,NSE_INDEX,spot,24624.65,,,,0,0,24669.2,24677.6,24497.95,24614.9
2026-08-05T15:33:35.275,SENSEX,BSE_INDEX,spot,78581.0,,,,0,0,79055.38,79055.38,78285.74,78428.95
2026-08-05T15:33:35.889,INDIAVIX,NSE_INDEX,spot,11.99,,,,0,0,12.19,12.67,10.81,12.19
2026-08-05T15:33:36.371,NIFTY25AUG26FUT,NFO,future,24646.1,24646.1,24652.0,5.9,2908750,12367420,24715.0,24740.0,24565.0,24555.6
2026-08-05T15:33:36.921,SENSEX27AUG26FUT,BFO,future,78889.5,78830.0,78876.9,46.9,24020,36060,78932.0,79211.3,78612.9,78652.85
2026-08-05T15:33:37.472,NIFTY,NSE_INDEX,spot,24624.65,,,,0,0,24669.2,24677.6,24497.95,24614.9
2026-08-05T15:33:38.065,SENSEX,BSE_INDEX,spot,78581.0,,,,0,0,79055.38,79055.38,78285.74,78428.95
2026-08-05T15:33:38.643,INDIAVIX,NSE_INDEX,spot,11.99,,,,0,0,12.19,12.67,10.81,12.19
2026-08-05T15:33:39.127,NIFTY25AUG26FUT,NFO,future,24652.0,24646.1,24654.0,7.9,2908815,12367420,24715.0,24740.0,24565.0,24555.6
2026-08-05T15:33:39.687,SENSEX27AUG26FUT,BFO,future,78889.5,78830.0,78875.5,45.5,24020,36060,78932.0,79211.3,78612.9,78652.85
2026-08-05T15:33:40.229,NIFTY,NSE_INDEX,spot,24624.65,,,,0,0,24669.2,24677.6,24497.95,24614.9
2026-08-05T15:33:40.773,SENSEX,BSE_INDEX,spot,78581.0,,,,0,0,79055.38,79055.38,78285.74,78428.95
2026-08-05T15:33:41.324,INDIAVIX,NSE_INDEX,spot,11.98,,,,0,0,12.19,12.67,10.81,12.19
2026-08-05T15:33:41.877,NIFTY25AUG26FUT,NFO,future,24652.0,24646.3,24654.0,7.7,2908815,12367420,24715.0,24740.0,24565.0,24555.6
2026-08-05T15:33:42.423,SENSEX27AUG26FUT,BFO,future,78889.5,78830.0,78873.7,43.7,24020,36060,78932.0,79211.3,78612.9,78652.85
2026-08-05T15:33:43.030,NIFTY,NSE_INDEX,spot,24624.65,,,,0,0,24669.2,24677.6,24497.95,24614.9
2026-08-05T15:33:43.523,SENSEX,BSE_INDEX,spot,78581.0,,,,0,0,79055.38,79055.38,78285.74,78428.95
2026-08-05T15:33:44.089,INDIAVIX,NSE_INDEX,spot,11.98,,,,0,0,12.19,12.67,10.81,12.19
2026-08-05T15:33:44.676,NIFTY25AUG26FUT,NFO,future,24652.2,24652.0,24652.2,0.2,2908815,12366900,24715.0,24740.0,24565.0,24555.6
2026-08-05T15:33:45.195,SENSEX27AUG26FUT,BFO,future,78889.5,78830.0,78874.3,44.3,24020,36060,78932.0,79211.3,78612.9,78652.85
2026-08-05T15:33:45.732,NIFTY,NSE_INDEX,spot,24624.65,,,,0,0,24669.2,24677.6,24497.95,24614.9
2026-08-05T15:33:46.272,SENSEX,BSE_INDEX,spot,78581.0,,,,0,0,79055.38,79055.38,78285.74,78428.95
2026-08-05T15:33:46.822,INDIAVIX,NSE_INDEX,spot,11.98,,,,0,0,12.19,12.67,10.81,12.19
2026-08-05T15:33:47.441,NIFTY25AUG26FUT,NFO,future,24653.9,24646.7,24654.0,7.3,2909075,12366900,24715.0,24740.0,24565.0,24555.6
2026-08-05T15:33:47.924,SENSEX27AUG26FUT,BFO,future,78889.5,78830.0,78874.7,44.7,24020,36060,78932.0,79211.3,78612.9,78652.85
2026-08-05T15:33:48.484,NIFTY,NSE_INDEX,spot,24624.65,,,,0,0,24669.2,24677.6,24497.95,24614.9
2026-08-05T15:33:49.020,SENSEX,BSE_INDEX,spot,78581.0,,,,0,0,79055.38,79055.38,78285.74,78428.95
2026-08-05T15:33:49.606,INDIAVIX,NSE_INDEX,spot,11.98,,,,0,0,12.19,12.67,10.81,12.19
2026-08-05T15:33:50.148,NIFTY25AUG26FUT,NFO,future,24654.0,24646.0,24654.0,8.0,2909270,12366900,24715.0,24740.0,24565.0,24555.6
2026-08-05T15:33:50.669,SENSEX27AUG26FUT,BFO,future,78889.5,78830.0,78873.75,43.75,24020,36060,78932.0,79211.3,78612.9,78652.85
2026-08-05T15:33:51.221,NIFTY,NSE_INDEX,spot,24624.65,,,,0,0,24669.2,24677.6,24497.95,24614.9
2026-08-05T15:33:51.783,SENSEX,BSE_INDEX,spot,78581.0,,,,0,0,79055.38,79055.38,78285.74,78428.95
2026-08-05T15:33:52.348,INDIAVIX,NSE_INDEX,spot,11.98,,,,0,0,12.19,12.67,10.81,12.19
2026-08-05T15:33:52.905,NIFTY25AUG26FUT,NFO,future,24654.0,24646.0,24650.0,4.0,2909270,12366900,24715.0,24740.0,24565.0,24555.6
2026-08-05T15:33:53.450,SENSEX27AUG26FUT,BFO,future,78889.5,78830.0,78870.35,40.35,24020,36060,78932.0,79211.3,78612.9,78652.85
2026-08-05T15:33:53.970,NIFTY,NSE_INDEX,spot,24624.65,,,,0,0,24669.2,24677.6,24497.95,24614.9
2026-08-05T15:33:54.523,SENSEX,BSE_INDEX,spot,78581.0,,,,0,0,79055.38,79055.38,78285.74,78428.95
2026-08-05T15:33:55.071,INDIAVIX,NSE_INDEX,spot,11.98,,,,0,0,12.19,12.67,10.81,12.19
2026-08-05T15:33:55.622,NIFTY25AUG26FUT,NFO,future,24650.0,24646.0,24652.0,6.0,2909335,12366900,24715.0,24740.0,24565.0,24555.6
2026-08-05T15:33:56.178,SENSEX27AUG26FUT,BFO,future,78889.5,78830.0,78871.1,41.1,24020,36060,78932.0,79211.3,78612.9,78652.85
2026-08-05T15:33:56.734,NIFTY,NSE_INDEX,spot,24624.65,,,,0,0,24669.2,24677.6,24497.95,24614.9
2026-08-05T15:33:57.290,SENSEX,BSE_INDEX,spot,78581.0,,,,0,0,79055.38,79055.38,78285.74,78428.95
2026-08-05T15:33:57.827,INDIAVIX,NSE_INDEX,spot,11.99,,,,0,0,12.19,12.67,10.81,12.19
2026-08-05T15:33:58.377,NIFTY25AUG26FUT,NFO,future,24646.2,24646.2,24652.0,5.8,2909335,12366900,24715.0,24740.0,24565.0,24555.6
2026-08-05T15:33:58.925,SENSEX27AUG26FUT,BFO,future,78889.5,78830.0,78870.6,40.6,24020,36060,78932.0,79211.3,78612.9,78652.85
2026-08-05T15:33:59.482,NIFTY,NSE_INDEX,spot,24624.65,,,,0,0,24669.2,24677.6,24497.95,24614.9
2026-08-05T15:34:00.030,SENSEX,BSE_INDEX,spot,78581.0,,,,0,0,79055.38,79055.38,78285.74,78428.95
2026-08-05T15:34:00.575,INDIAVIX,NSE_INDEX,spot,11.98,,,,0,0,12.19,12.67,10.81,12.19
2026-08-05T15:34:01.126,NIFTY25AUG26FUT,NFO,future,24652.0,24646.0,24652.0,6.0,2910115,12366900,24715.0,24740.0,24565.0,24555.6
2026-08-05T15:34:01.673,SENSEX27AUG26FUT,BFO,future,78889.5,78830.0,78868.5,38.5,24020,36060,78932.0,79211.3,78612.9,78652.85
2026-08-05T15:34:02.235,NIFTY,NSE_INDEX,spot,24624.65,,,,0,0,24669.2,24677.6,24497.95,24614.9
2026-08-05T15:34:02.837,SENSEX,BSE_INDEX,spot,78581.0,,,,0,0,79055.38,79055.38,78285.74,78428.95
2026-08-05T15:34:03.335,INDIAVIX,NSE_INDEX,spot,11.97,,,,0,0,12.19,12.67,10.81,12.19
2026-08-05T15:34:03.876,NIFTY25AUG26FUT,NFO,future,24650.0,24650.0,24653.0,3.0,2910180,12366900,24715.0,24740.0,24565.0,24555.6
2026-08-05T15:34:04.429,SENSEX27AUG26FUT,BFO,future,78868.3,78830.0,78868.6,38.6,24040,36060,78932.0,79211.3,78612.9,78652.85
2026-08-05T15:34:04.972,NIFTY,NSE_INDEX,spot,24624.65,,,,0,0,24669.2,24677.6,24497.95,24614.9
2026-08-05T15:34:05.525,SENSEX,BSE_INDEX,spot,78581.0,,,,0,0,79055.38,79055.38,78285.74,78428.95
2026-08-05T15:34:06.068,INDIAVIX,NSE_INDEX,spot,11.97,,,,0,0,12.19,12.67,10.81,12.19
2026-08-05T15:34:06.623,NIFTY25AUG26FUT,NFO,future,24652.0,24650.0,24652.0,2.0,2910440,12366900,24715.0,24740.0,24565.0,24555.6
2026-08-05T15:34:07.170,SENSEX27AUG26FUT,BFO,future,78868.3,78830.0,78866.15,36.15,24040,36060,78932.0,79211.3,78612.9,78652.85
2026-08-05T15:34:07.720,NIFTY,NSE_INDEX,spot,24624.65,,,,0,0,24669.2,24677.6,24497.95,24614.9
2026-08-05T15:34:08.282,SENSEX,BSE_INDEX,spot,78581.0,,,,0,0,79055.38,79055.38,78285.74,78428.95
2026-08-05T15:34:08.826,INDIAVIX,NSE_INDEX,spot,11.98,,,,0,0,12.19,12.67,10.81,12.19
2026-08-05T15:34:09.372,NIFTY25AUG26FUT,NFO,future,24653.0,24650.0,24653.0,3.0,2910570,12366900,24715.0,24740.0,24565.0,24555.6
2026-08-05T15:34:09.925,SENSEX27AUG26FUT,BFO,future,78868.3,78830.0,78868.3,38.3,24040,36060,78932.0,79211.3,78612.9,78652.85
2026-08-05T15:34:10.471,NIFTY,NSE_INDEX,spot,24624.65,,,,0,0,24669.2,24677.6,24497.95,24614.9
2026-08-05T15:34:11.025,SENSEX,BSE_INDEX,spot,78581.0,,,,0,0,79055.38,79055.38,78285.74,78428.95
2026-08-05T15:34:11.575,INDIAVIX,NSE_INDEX,spot,11.98,,,,0,0,12.19,12.67,10.81,12.19
2026-08-05T15:34:12.125,NIFTY25AUG26FUT,NFO,future,24650.0,24650.0,24652.0,2.0,2910635,12366900,24715.0,24740.0,24565.0,24555.6
2026-08-05T15:34:12.673,SENSEX27AUG26FUT,BFO,future,78868.3,78830.0,78867.5,37.5,24040,36060,78932.0,79211.3,78612.9,78652.85
2026-08-05T15:34:13.251,NIFTY,NSE_INDEX,spot,24624.65,,,,0,0,24669.2,24677.6,24497.95,24614.9
2026-08-05T15:34:13.787,SENSEX,BSE_INDEX,spot,78581.0,,,,0,0,79055.38,79055.38,78285.74,78428.95
2026-08-05T15:34:14.331,INDIAVIX,NSE_INDEX,spot,11.99,,,,0,0,12.19,12.67,10.81,12.19
2026-08-05T15:34:14.875,NIFTY25AUG26FUT,NFO,future,24650.0,24650.0,24653.0,3.0,2910895,12366900,24715.0,24740.0,24565.0,24555.6
2026-08-05T15:34:15.421,SENSEX27AUG26FUT,BFO,future,78868.3,78830.0,78866.7,36.7,24040,36140,78932.0,79211.3,78612.9,78652.85
2026-08-05T15:34:15.978,NIFTY,NSE_INDEX,spot,24624.65,,,,0,0,24669.2,24677.6,24497.95,24614.9
2026-08-05T15:34:16.525,SENSEX,BSE_INDEX,spot,78581.0,,,,0,0,79055.38,79055.38,78285.74,78428.95
2026-08-05T15:34:17.080,INDIAVIX,NSE_INDEX,spot,11.99,,,,0,0,12.19,12.67,10.81,12.19
2026-08-05T15:34:17.630,NIFTY25AUG26FUT,NFO,future,24650.0,24650.0,24653.0,3.0,2910895,12366900,24715.0,24740.0,24565.0,24555.6
2026-08-05T15:34:18.172,SENSEX27AUG26FUT,BFO,future,78868.3,78830.0,78866.6,36.6,24040,36140,78932.0,79211.3,78612.9,78652.85
2026-08-05T15:34:18.722,NIFTY,NSE_INDEX,spot,24624.65,,,,0,0,24669.2,24677.6,24497.95,24614.9
2026-08-05T15:34:19.273,SENSEX,BSE_INDEX,spot,78581.0,,,,0,0,79055.38,79055.38,78285.74,78428.95
2026-08-05T15:34:19.821,INDIAVIX,NSE_INDEX,spot,11.99,,,,0,0,12.19,12.67,10.81,12.19
2026-08-05T15:34:20.376,NIFTY25AUG26FUT,NFO,future,24650.0,24650.0,24653.9,3.9,2911025,12366900,24715.0,24740.0,24565.0,24555.6
2026-08-05T15:34:20.927,SENSEX27AUG26FUT,BFO,future,78868.3,78830.0,78866.35,36.35,24040,36140,78932.0,79211.3,78612.9,78652.85
2026-08-05T15:34:21.472,NIFTY,NSE_INDEX,spot,24624.65,,,,0,0,24669.2,24677.6,24497.95,24614.9
2026-08-05T15:34:22.020,SENSEX,BSE_INDEX,spot,78581.0,,,,0,0,79055.38,79055.38,78285.74,78428.95
2026-08-05T15:34:22.567,INDIAVIX,NSE_INDEX,spot,11.99,,,,0,0,12.19,12.67,10.81,12.19
2026-08-05T15:34:23.121,NIFTY25AUG26FUT,NFO,future,24650.0,24650.0,24653.8,3.8,2911155,12366900,24715.0,24740.0,24565.0,24555.6
2026-08-05T15:34:23.693,SENSEX27AUG26FUT,BFO,future,78868.3,78830.0,78866.55,36.55,24040,36140,78932.0,79211.3,78612.9,78652.85
2026-08-05T15:34:24.221,NIFTY,NSE_INDEX,spot,24624.65,,,,0,0,24669.2,24677.6,24497.95,24614.9
2026-08-05T15:34:24.772,SENSEX,BSE_INDEX,spot,78581.0,,,,0,0,79055.38,79055.38,78285.74,78428.95
2026-08-05T15:34:25.321,INDIAVIX,NSE_INDEX,spot,11.99,,,,0,0,12.19,12.67,10.81,12.19
2026-08-05T15:34:25.873,NIFTY25AUG26FUT,NFO,future,24653.6,24650.0,24653.1,3.1,2911350,12366900,24715.0,24740.0,24565.0,24555.6
2026-08-05T15:34:26.418,SENSEX27AUG26FUT,BFO,future,78868.3,78840.0,78866.1,26.1,24040,36140,78932.0,79211.3,78612.9,78652.85
2026-08-05T15:34:26.974,NIFTY,NSE_INDEX,spot,24624.65,,,,0,0,24669.2,24677.6,24497.95,24614.9
2026-08-05T15:34:27.528,SENSEX,BSE_INDEX,spot,78581.0,,,,0,0,79055.38,79055.38,78285.74,78428.95
2026-08-05T15:34:28.069,INDIAVIX,NSE_INDEX,spot,11.99,,,,0,0,12.19,12.67,10.81,12.19
2026-08-05T15:34:28.624,NIFTY25AUG26FUT,NFO,future,24652.9,24650.0,24652.9,2.9,2911350,12366900,24715.0,24740.0,24565.0,24555.6
2026-08-05T15:34:29.173,SENSEX27AUG26FUT,BFO,future,78868.3,78840.0,78865.9,25.9,24040,36140,78932.0,79211.3,78612.9,78652.85
2026-08-05T15:34:29.769,NIFTY,NSE_INDEX,spot,24624.65,,,,0,0,24669.2,24677.6,24497.95,24614.9
2026-08-05T15:34:30.269,SENSEX,BSE_INDEX,spot,78581.0,,,,0,0,79055.38,79055.38,78285.74,78428.95
2026-08-05T15:34:30.829,INDIAVIX,NSE_INDEX,spot,11.99,,,,0,0,12.19,12.67,10.81,12.19
2026-08-05T15:34:31.413,NIFTY25AUG26FUT,NFO,future,24652.9,24650.0,24652.9,2.9,2911480,12366900,24715.0,24740.0,24565.0,24555.6
2026-08-05T15:34:31.921,SENSEX27AUG26FUT,BFO,future,78868.3,78840.0,78865.5,25.5,24040,36140,78932.0,79211.3,78612.9,78652.85
2026-08-05T15:34:32.475,NIFTY,NSE_INDEX,spot,24624.65,,,,0,0,24669.2,24677.6,24497.95,24614.9
2026-08-05T15:34:33.049,SENSEX,BSE_INDEX,spot,78581.0,,,,0,0,79055.38,79055.38,78285.74,78428.95
2026-08-05T15:34:33.572,INDIAVIX,NSE_INDEX,spot,11.99,,,,0,0,12.19,12.67,10.81,12.19
2026-08-05T15:34:34.121,NIFTY25AUG26FUT,NFO,future,24650.0,24646.0,24650.0,4.0,2911610,12366900,24715.0,24740.0,24565.0,24555.6
2026-08-05T15:34:34.671,SENSEX27AUG26FUT,BFO,future,78868.3,78840.0,78866.4,26.4,24040,36140,78932.0,79211.3,78612.9,78652.85
2026-08-05T15:34:35.219,NIFTY,NSE_INDEX,spot,24624.65,,,,0,0,24669.2,24677.6,24497.95,24614.9
2026-08-05T15:34:35.792,SENSEX,BSE_INDEX,spot,78581.0,,,,0,0,79055.38,79055.38,78285.74,78428.95
2026-08-05T15:34:36.318,INDIAVIX,NSE_INDEX,spot,11.99,,,,0,0,12.19,12.67,10.81,12.19
2026-08-05T15:34:36.875,NIFTY25AUG26FUT,NFO,future,24652.9,24646.0,24650.0,4.0,2911740,12366900,24715.0,24740.0,24565.0,24555.6
2026-08-05T15:34:37.425,SENSEX27AUG26FUT,BFO,future,78868.3,78840.0,78866.4,26.4,24040,36140,78932.0,79211.3,78612.9,78652.85
2026-08-05T15:34:37.971,NIFTY,NSE_INDEX,spot,24624.65,,,,0,0,24669.2,24677.6,24497.95,24614.9
2026-08-05T15:34:38.518,SENSEX,BSE_INDEX,spot,78581.0,,,,0,0,79055.38,79055.38,78285.74,78428.95
2026-08-05T15:34:39.073,INDIAVIX,NSE_INDEX,spot,11.99,,,,0,0,12.19,12.67,10.81,12.19
2026-08-05T15:34:39.634,NIFTY25AUG26FUT,NFO,future,24652.9,24646.1,24650.0,3.9,2911740,12366900,24715.0,24740.0,24565.0,24555.6
2026-08-05T15:34:40.325,SENSEX27AUG26FUT,BFO,future,78868.3,78830.0,78866.0,36.0,24040,36140,78932.0,79211.3,78612.9,78652.85
2026-08-05T15:34:40.719,NIFTY,NSE_INDEX,spot,24624.65,,,,0,0,24669.2,24677.6,24497.95,24614.9
2026-08-05T15:34:41.272,SENSEX,BSE_INDEX,spot,78581.0,,,,0,0,79055.38,79055.38,78285.74,78428.95
2026-08-05T15:34:41.821,INDIAVIX,NSE_INDEX,spot,11.99,,,,0,0,12.19,12.67,10.81,12.19
2026-08-05T15:34:42.687,NIFTY25AUG26FUT,NFO,future,24653.6,24648.0,24650.0,2.0,2911740,12366900,24715.0,24740.0,24565.0,24555.6
2026-08-05T15:34:42.930,SENSEX27AUG26FUT,BFO,future,78868.3,78830.0,78865.55,35.55,24040,36140,78932.0,79211.3,78612.9,78652.85
2026-08-05T15:34:43.472,NIFTY,NSE_INDEX,spot,24624.65,,,,0,0,24669.2,24677.6,24497.95,24614.9
2026-08-05T15:34:44.026,SENSEX,BSE_INDEX,spot,78581.0,,,,0,0,79055.38,79055.38,78285.74,78428.95
2026-08-05T15:34:44.570,INDIAVIX,NSE_INDEX,spot,11.99,,,,0,0,12.19,12.67,10.81,12.19
2026-08-05T15:34:45.313,NIFTY25AUG26FUT,NFO,future,24653.6,24648.0,24653.2,5.2,2912390,12366900,24715.0,24740.0,24565.0,24555.6
2026-08-05T15:34:45.672,SENSEX27AUG26FUT,BFO,future,78868.3,78830.0,78865.05,35.05,24040,36140,78932.0,79211.3,78612.9,78652.85
2026-08-05T15:34:46.219,NIFTY,NSE_INDEX,spot,24624.65,,,,0,0,24669.2,24677.6,24497.95,24614.9
2026-08-05T15:34:46.767,SENSEX,BSE_INDEX,spot,78581.0,,,,0,0,79055.38,79055.38,78285.74,78428.95
2026-08-05T15:34:47.317,INDIAVIX,NSE_INDEX,spot,11.99,,,,0,0,12.19,12.67,10.81,12.19
2026-08-05T15:34:47.868,NIFTY25AUG26FUT,NFO,future,24653.2,24648.5,24653.7,5.2,2912585,12366640,24715.0,24740.0,24565.0,24555.6
2026-08-05T15:34:48.420,SENSEX27AUG26FUT,BFO,future,78868.3,78830.0,78863.6,33.6,24040,36140,78932.0,79211.3,78612.9,78652.85
2026-08-05T15:34:48.972,NIFTY,NSE_INDEX,spot,24624.65,,,,0,0,24669.2,24677.6,24497.95,24614.9
2026-08-05T15:34:49.525,SENSEX,BSE_INDEX,spot,78581.0,,,,0,0,79055.38,79055.38,78285.74,78428.95
2026-08-05T15:34:50.072,INDIAVIX,NSE_INDEX,spot,11.99,,,,0,0,12.19,12.67,10.81,12.19
2026-08-05T15:34:50.636,NIFTY25AUG26FUT,NFO,future,24653.4,24648.5,24653.0,4.5,2912650,12366640,24715.0,24740.0,24565.0,24555.6
2026-08-05T15:34:51.173,SENSEX27AUG26FUT,BFO,future,78868.3,78830.0,78862.05,32.05,24040,36140,78932.0,79211.3,78612.9,78652.85
2026-08-05T15:34:51.732,NIFTY,NSE_INDEX,spot,24624.65,,,,0,0,24669.2,24677.6,24497.95,24614.9
2026-08-05T15:34:52.274,SENSEX,BSE_INDEX,spot,78581.0,,,,0,0,79055.38,79055.38,78285.74,78428.95
2026-08-05T15:34:52.837,INDIAVIX,NSE_INDEX,spot,11.98,,,,0,0,12.19,12.67,10.81,12.19
2026-08-05T15:34:53.370,NIFTY25AUG26FUT,NFO,future,24648.5,24648.0,24650.0,2.0,2912910,12366640,24715.0,24740.0,24565.0,24555.6
2026-08-05T15:34:53.924,SENSEX27AUG26FUT,BFO,future,78868.3,78830.0,78861.35,31.35,24040,36140,78932.0,79211.3,78612.9,78652.85
2026-08-05T15:34:54.492,NIFTY,NSE_INDEX,spot,24624.65,,,,0,0,24669.2,24677.6,24497.95,24614.9
2026-08-05T15:34:55.018,SENSEX,BSE_INDEX,spot,78581.0,,,,0,0,79055.38,79055.38,78285.74,78428.95
2026-08-05T15:34:55.590,INDIAVIX,NSE_INDEX,spot,11.99,,,,0,0,12.19,12.67,10.81,12.19
2026-08-05T15:34:56.118,NIFTY25AUG26FUT,NFO,future,24648.5,24648.0,24648.5,0.5,2912910,12366640,24715.0,24740.0,24565.0,24555.6
2026-08-05T15:34:56.772,SENSEX27AUG26FUT,BFO,future,78868.3,78830.0,78859.25,29.25,24040,36140,78932.0,79211.3,78612.9,78652.85
2026-08-05T15:34:57.218,NIFTY,NSE_INDEX,spot,24624.65,,,,0,0,24669.2,24677.6,24497.95,24614.9
2026-08-05T15:34:57.776,SENSEX,BSE_INDEX,spot,78581.0,,,,0,0,79055.38,79055.38,78285.74,78428.95
2026-08-05T15:34:58.360,INDIAVIX,NSE_INDEX,spot,11.99,,,,0,0,12.19,12.67,10.81,12.19
2026-08-05T15:34:58.919,NIFTY25AUG26FUT,NFO,future,24648.0,24648.0,24650.0,2.0,2912975,12366640,24715.0,24740.0,24565.0,24555.6
2026-08-05T15:34:59.533,SENSEX27AUG26FUT,BFO,future,78868.3,78830.0,78857.6,27.6,24040,36140,78932.0,79211.3,78612.9,78652.85
2026-08-05T15:35:00.000,NIFTY,NSE_INDEX,spot,24624.65,,,,0,0,24669.2,24677.6,24497.95,24614.9
2026-08-05T15:35:00.518,SENSEX,BSE_INDEX,spot,78581.0,,,,0,0,79055.38,79055.38,78285.74,78428.95
2026-08-05T15:35:01.168,INDIAVIX,NSE_INDEX,spot,11.99,,,,0,0,12.19,12.67,10.81,12.19
2026-08-05T15:35:01.623,NIFTY25AUG26FUT,NFO,future,24652.4,24648.0,24652.4,4.4,2913170,12366640,24715.0,24740.0,24565.0,24555.6
2026-08-05T15:35:02.201,SENSEX27AUG26FUT,BFO,future,78868.3,78830.0,78859.5,29.5,24040,36140,78932.0,79211.3,78612.9,78652.85
2026-08-05T15:35:02.841,NIFTY,NSE_INDEX,spot,24624.65,,,,0,0,24669.2,24677.6,24497.95,24614.9
2026-08-05T15:35:03.270,SENSEX,BSE_INDEX,spot,78581.0,,,,0,0,79055.38,79055.38,78285.74,78428.95
2026-08-05T15:35:03.822,INDIAVIX,NSE_INDEX,spot,11.99,,,,0,0,12.19,12.67,10.81,12.19
2026-08-05T15:35:04.370,NIFTY25AUG26FUT,NFO,future,24652.9,24648.0,24652.0,4.0,2913365,12366640,24715.0,24740.0,24565.0,24555.6
2026-08-05T15:35:04.934,SENSEX27AUG26FUT,BFO,future,78868.3,78830.0,78863.8,33.8,24040,36140,78932.0,79211.3,78612.9,78652.85
2026-08-05T15:35:05.473,NIFTY,NSE_INDEX,spot,24624.65,,,,0,0,24669.2,24677.6,24497.95,24614.9
2026-08-05T15:35:06.028,SENSEX,BSE_INDEX,spot,78581.0,,,,0,0,79055.38,79055.38,78285.74,78428.95
2026-08-05T15:35:06.584,INDIAVIX,NSE_INDEX,spot,12.0,,,,0,0,12.19,12.67,10.81,12.19
2026-08-05T15:35:07.168,NIFTY25AUG26FUT,NFO,future,24648.0,24648.0,24652.7,4.7,2913430,12366640,24715.0,24740.0,24565.0,24555.6
2026-08-05T15:35:07.676,SENSEX27AUG26FUT,BFO,future,78868.3,78830.0,78861.55,31.55,24040,36140,78932.0,79211.3,78612.9,78652.85
2026-08-05T15:35:08.217,NIFTY,NSE_INDEX,spot,24624.65,,,,0,0,24669.2,24677.6,24497.95,24614.9
2026-08-05T15:35:08.767,SENSEX,BSE_INDEX,spot,78581.0,,,,0,0,79055.38,79055.38,78285.74,78428.95
2026-08-05T15:35:09.324,INDIAVIX,NSE_INDEX,spot,12.0,,,,0,0,12.19,12.67,10.81,12.19
2026-08-05T15:35:10.008,NIFTY25AUG26FUT,NFO,future,24646.0,24648.0,24652.7,4.7,2913690,12366640,24715.0,24740.0,24565.0,24555.6
2026-08-05T15:35:10.419,SENSEX27AUG26FUT,BFO,future,78830.0,78830.0,78861.4,31.4,24060,36140,78932.0,79211.3,78612.9,78652.85
2026-08-05T15:35:10.970,NIFTY,NSE_INDEX,spot,24624.65,,,,0,0,24669.2,24677.6,24497.95,24614.9
2026-08-05T15:35:11.528,SENSEX,BSE_INDEX,spot,78581.0,,,,0,0,79055.38,79055.38,78285.74,78428.95
2026-08-05T15:35:12.067,INDIAVIX,NSE_INDEX,spot,12.0,,,,0,0,12.19,12.67,10.81,12.19
2026-08-05T15:35:12.620,NIFTY25AUG26FUT,NFO,future,24648.0,24646.0,24650.0,4.0,2914080,12366640,24715.0,24740.0,24565.0,24555.6
2026-08-05T15:35:13.215,SENSEX27AUG26FUT,BFO,future,78830.0,78830.0,78862.6,32.6,24060,36140,78932.0,79211.3,78612.9,78652.85
2026-08-05T15:35:13.728,NIFTY,NSE_INDEX,spot,24624.65,,,,0,0,24669.2,24677.6,24497.95,24614.9
2026-08-05T15:35:14.271,SENSEX,BSE_INDEX,spot,78581.0,,,,0,0,79055.38,79055.38,78285.74,78428.95
2026-08-05T15:35:14.818,INDIAVIX,NSE_INDEX,spot,12.0,,,,0,0,12.19,12.67,10.81,12.19
2026-08-05T15:35:15.369,NIFTY25AUG26FUT,NFO,future,24646.1,24646.1,24650.0,3.9,2914145,12366640,24715.0,24740.0,24565.0,24555.6
2026-08-05T15:35:15.923,SENSEX27AUG26FUT,BFO,future,78830.0,78830.0,78863.95,33.95,24060,36140,78932.0,79211.3,78612.9,78652.85
2026-08-05T15:35:16.539,NIFTY,NSE_INDEX,spot,24624.65,,,,0,0,24669.2,24677.6,24497.95,24614.9
2026-08-05T15:35:17.017,SENSEX,BSE_INDEX,spot,78581.0,,,,0,0,79055.38,79055.38,78285.74,78428.95
2026-08-05T15:35:17.579,INDIAVIX,NSE_INDEX,spot,12.0,,,,0,0,12.19,12.67,10.81,12.19
2026-08-05T15:35:18.142,NIFTY25AUG26FUT,NFO,future,24646.1,24648.0,24650.0,2.0,2914210,12366640,24715.0,24740.0,24565.0,24555.6
2026-08-05T15:35:18.674,SENSEX27AUG26FUT,BFO,future,78830.0,78830.0,78863.6,33.6,24060,36140,78932.0,79211.3,78612.9,78652.85
2026-08-05T15:35:19.223,NIFTY,NSE_INDEX,spot,24624.65,,,,0,0,24669.2,24677.6,24497.95,24614.9
2026-08-05T15:35:19.772,SENSEX,BSE_INDEX,spot,78581.0,,,,0,0,79055.38,79055.38,78285.74,78428.95
2026-08-05T15:35:20.334,INDIAVIX,NSE_INDEX,spot,12.0,,,,0,0,12.19,12.67,10.81,12.19
2026-08-05T15:35:20.871,NIFTY25AUG26FUT,NFO,future,24647.9,24646.1,24647.9,1.8,2914600,12366640,24715.0,24740.0,24565.0,24555.6
2026-08-05T15:35:21.448,SENSEX27AUG26FUT,BFO,future,78830.0,78830.0,78863.15,33.15,24060,36140,78932.0,79211.3,78612.9,78652.85
2026-08-05T15:35:21.975,NIFTY,NSE_INDEX,spot,24624.65,,,,0,0,24669.2,24677.6,24497.95,24614.9
2026-08-05T15:35:22.521,SENSEX,BSE_INDEX,spot,78581.0,,,,0,0,79055.38,79055.38,78285.74,78428.95
2026-08-05T15:35:23.160,INDIAVIX,NSE_INDEX,spot,12.0,,,,0,0,12.19,12.67,10.81,12.19
2026-08-05T15:35:23.658,NIFTY25AUG26FUT,NFO,future,24646.1,24646.1,24650.0,3.9,2914860,12366640,24715.0,24740.0,24565.0,24555.6
2026-08-05T15:35:24.168,SENSEX27AUG26FUT,BFO,future,78830.0,78830.0,78864.25,34.25,24060,36140,78932.0,79211.3,78612.9,78652.85
2026-08-05T15:35:24.718,NIFTY,NSE_INDEX,spot,24624.65,,,,0,0,24669.2,24677.6,24497.95,24614.9
2026-08-05T15:35:25.274,SENSEX,BSE_INDEX,spot,78581.0,,,,0,0,79055.38,79055.38,78285.74,78428.95
2026-08-05T15:35:25.845,INDIAVIX,NSE_INDEX,spot,12.0,,,,0,0,12.19,12.67,10.81,12.19
2026-08-05T15:35:26.370,NIFTY25AUG26FUT,NFO,future,24646.1,24646.1,24650.0,3.9,2914925,12366640,24715.0,24740.0,24565.0,24555.6
2026-08-05T15:35:26.921,SENSEX27AUG26FUT,BFO,future,78830.0,78830.0,78863.0,33.0,24060,36140,78932.0,79211.3,78612.9,78652.85
2026-08-05T15:35:27.469,NIFTY,NSE_INDEX,spot,24624.65,,,,0,0,24669.2,24677.6,24497.95,24614.9
2026-08-05T15:35:28.018,SENSEX,BSE_INDEX,spot,78581.0,,,,0,0,79055.38,79055.38,78285.74,78428.95
2026-08-05T15:35:28.576,INDIAVIX,NSE_INDEX,spot,12.0,,,,0,0,12.19,12.67,10.81,12.19
2026-08-05T15:35:29.147,NIFTY25AUG26FUT,NFO,future,24646.1,24646.1,24650.0,3.9,2915055,12366640,24715.0,24740.0,24565.0,24555.6
2026-08-05T15:35:29.669,SENSEX27AUG26FUT,BFO,future,78830.0,78830.0,78859.7,29.7,24060,36140,78932.0,79211.3,78612.9,78652.85
2026-08-05T15:35:30.233,NIFTY,NSE_INDEX,spot,24624.65,,,,0,0,24669.2,24677.6,24497.95,24614.9
2026-08-05T15:35:30.770,SENSEX,BSE_INDEX,spot,78581.0,,,,0,0,79055.38,79055.38,78285.74,78428.95
2026-08-05T15:35:31.317,INDIAVIX,NSE_INDEX,spot,12.0,,,,0,0,12.19,12.67,10.81,12.19
2026-08-05T15:35:31.888,NIFTY25AUG26FUT,NFO,future,24646.1,24646.1,24650.0,3.9,2915185,12366640,24715.0,24740.0,24565.0,24555.6
2026-08-05T15:35:32.419,SENSEX27AUG26FUT,BFO,future,78830.0,78830.0,78860.0,30.0,24060,36140,78932.0,79211.3,78612.9,78652.85
2026-08-05T15:35:32.981,NIFTY,NSE_INDEX,spot,24624.65,,,,0,0,24669.2,24677.6,24497.95,24614.9
2026-08-05T15:35:33.567,SENSEX,BSE_INDEX,spot,78581.0,,,,0,0,79055.38,79055.38,78285.74,78428.95
2026-08-05T15:35:34.083,INDIAVIX,NSE_INDEX,spot,12.0,,,,0,0,12.19,12.67,10.81,12.19
2026-08-05T15:35:34.618,NIFTY25AUG26FUT,NFO,future,24646.1,24646.1,24648.0,1.9,2915250,12366640,24715.0,24740.0,24565.0,24555.6
2026-08-05T15:35:35.174,SENSEX27AUG26FUT,BFO,future,78830.0,78830.0,78859.65,29.65,24060,36140,78932.0,79211.3,78612.9,78652.85
2026-08-05T15:35:35.722,NIFTY,NSE_INDEX,spot,24624.65,,,,0,0,24669.2,24677.6,24497.95,24614.9
2026-08-05T15:35:36.275,SENSEX,BSE_INDEX,spot,78581.0,,,,0,0,79055.38,79055.38,78285.74,78428.95
2026-08-05T15:35:36.824,INDIAVIX,NSE_INDEX,spot,12.0,,,,0,0,12.19,12.67,10.81,12.19
2026-08-05T15:35:37.368,NIFTY25AUG26FUT,NFO,future,24646.1,24646.1,24648.0,1.9,2915380,12366640,24715.0,24740.0,24565.0,24555.6
2026-08-05T15:35:37.920,SENSEX27AUG26FUT,BFO,future,78830.0,78830.0,78858.75,28.75,24060,36140,78932.0,79211.3,78612.9,78652.85
2026-08-05T15:35:38.470,NIFTY,NSE_INDEX,spot,24624.65,,,,0,0,24669.2,24677.6,24497.95,24614.9
2026-08-05T15:35:39.019,SENSEX,BSE_INDEX,spot,78581.0,,,,0,0,79055.38,79055.38,78285.74,78428.95
2026-08-05T15:35:39.569,INDIAVIX,NSE_INDEX,spot,12.0,,,,0,0,12.19,12.67,10.81,12.19
2026-08-05T15:35:40.130,NIFTY25AUG26FUT,NFO,future,24646.1,24646.1,24648.0,1.9,2915380,12366640,24715.0,24740.0,24565.0,24555.6
2026-08-05T15:35:40.671,SENSEX27AUG26FUT,BFO,future,78830.0,78830.0,78858.35,28.35,24060,36140,78932.0,79211.3,78612.9,78652.85
2026-08-05T15:35:41.219,NIFTY,NSE_INDEX,spot,24624.65,,,,0,0,24669.2,24677.6,24497.95,24614.9
2026-08-05T15:35:41.859,SENSEX,BSE_INDEX,spot,78581.0,,,,0,0,79055.38,79055.38,78285.74,78428.95
2026-08-05T15:35:42.326,INDIAVIX,NSE_INDEX,spot,12.0,,,,0,0,12.19,12.67,10.81,12.19
2026-08-05T15:35:42.875,NIFTY25AUG26FUT,NFO,future,24649.9,24646.1,24648.0,1.9,2915445,12366640,24715.0,24740.0,24565.0,24555.6
2026-08-05T15:35:43.417,SENSEX27AUG26FUT,BFO,future,78830.0,78830.0,78859.55,29.55,24060,36140,78932.0,79211.3,78612.9,78652.85
2026-08-05T15:35:43.976,NIFTY,NSE_INDEX,spot,24624.65,,,,0,0,24669.2,24677.6,24497.95,24614.9
2026-08-05T15:35:44.530,SENSEX,BSE_INDEX,spot,78581.0,,,,0,0,79055.38,79055.38,78285.74,78428.95
2026-08-05T15:35:45.089,INDIAVIX,NSE_INDEX,spot,12.0,,,,0,0,12.19,12.67,10.81,12.19
2026-08-05T15:35:45.842,NIFTY25AUG26FUT,NFO,future,24649.9,24646.0,24649.9,3.9,2916290,12366640,24715.0,24740.0,24565.0,24555.6
2026-08-05T15:35:46.175,SENSEX27AUG26FUT,BFO,future,78830.0,78830.0,78855.95,25.95,24100,36140,78932.0,79211.3,78612.9,78652.85
2026-08-05T15:35:46.718,NIFTY,NSE_INDEX,spot,24624.65,,,,0,0,24669.2,24677.6,24497.95,24614.9
2026-08-05T15:35:47.269,SENSEX,BSE_INDEX,spot,78581.0,,,,0,0,79055.38,79055.38,78285.74,78428.95
2026-08-05T15:35:47.833,INDIAVIX,NSE_INDEX,spot,12.01,,,,0,0,12.19,12.67,10.81,12.19
2026-08-05T15:35:48.370,NIFTY25AUG26FUT,NFO,future,24649.9,24646.0,24646.2,0.2,2916290,12366640,24715.0,24740.0,24565.0,24555.6
2026-08-05T15:35:48.921,SENSEX27AUG26FUT,BFO,future,78830.0,78830.0,78855.45,25.45,24100,36140,78932.0,79211.3,78612.9,78652.85
2026-08-05T15:35:49.487,NIFTY,NSE_INDEX,spot,24624.65,,,,0,0,24669.2,24677.6,24497.95,24614.9
2026-08-05T15:35:50.024,SENSEX,BSE_INDEX,spot,78581.0,,,,0,0,79055.38,79055.38,78285.74,78428.95
2026-08-05T15:35:50.571,INDIAVIX,NSE_INDEX,spot,12.01,,,,0,0,12.19,12.67,10.81,12.19
2026-08-05T15:35:51.121,NIFTY25AUG26FUT,NFO,future,24646.0,24646.0,24649.5,3.5,2916420,12366315,24715.0,24740.0,24565.0,24555.6
2026-08-05T15:35:51.675,SENSEX27AUG26FUT,BFO,future,78830.0,78830.0,78856.35,26.35,24100,36140,78932.0,79211.3,78612.9,78652.85
2026-08-05T15:35:52.238,NIFTY,NSE_INDEX,spot,24624.65,,,,0,0,24669.2,24677.6,24497.95,24614.9
2026-08-05T15:35:52.769,SENSEX,BSE_INDEX,spot,78581.0,,,,0,0,79055.38,79055.38,78285.74,78428.95
2026-08-05T15:35:53.324,INDIAVIX,NSE_INDEX,spot,12.01,,,,0,0,12.19,12.67,10.81,12.19
2026-08-05T15:35:53.868,NIFTY25AUG26FUT,NFO,future,24646.0,24645.1,24648.9,3.8,2916680,12366315,24715.0,24740.0,24565.0,24555.6
2026-08-05T15:35:54.427,SENSEX27AUG26FUT,BFO,future,78830.0,78830.0,78853.7,23.7,24100,36140,78932.0,79211.3,78612.9,78652.85
2026-08-05T15:35:54.979,NIFTY,NSE_INDEX,spot,24624.65,,,,0,0,24669.2,24677.6,24497.95,24614.9
2026-08-05T15:35:55.520,SENSEX,BSE_INDEX,spot,78581.0,,,,0,0,79055.38,79055.38,78285.74,78428.95
2026-08-05T15:35:56.070,INDIAVIX,NSE_INDEX,spot,12.01,,,,0,0,12.19,12.67,10.81,12.19
2026-08-05T15:35:56.620,NIFTY25AUG26FUT,NFO,future,24645.0,24645.0,24648.5,3.5,2918175,12366315,24715.0,24740.0,24565.0,24555.6
2026-08-05T15:35:57.171,SENSEX27AUG26FUT,BFO,future,78830.0,78830.0,78849.95,19.95,24100,36140,78932.0,79211.3,78612.9,78652.85
2026-08-05T15:35:57.719,NIFTY,NSE_INDEX,spot,24624.65,,,,0,0,24669.2,24677.6,24497.95,24614.9
2026-08-05T15:35:58.278,SENSEX,BSE_INDEX,spot,78581.0,,,,0,0,79055.38,79055.38,78285.74,78428.95
2026-08-05T15:35:58.823,INDIAVIX,NSE_INDEX,spot,12.02,,,,0,0,12.19,12.67,10.81,12.19
2026-08-05T15:35:59.368,NIFTY25AUG26FUT,NFO,future,24645.0,24645.0,24648.5,3.5,2918175,12366315,24715.0,24740.0,24565.0,24555.6
2026-08-05T15:36:00.016,SENSEX27AUG26FUT,BFO,future,78830.0,78830.0,78844.75,14.75,24100,36140,78932.0,79211.3,78612.9,78652.85
2026-08-05T15:36:00.546,NIFTY,NSE_INDEX,spot,24624.65,,,,0,0,24669.2,24677.6,24497.95,24614.9
2026-08-05T15:36:01.061,SENSEX,BSE_INDEX,spot,78581.0,,,,0,0,79055.38,79055.38,78285.74,78428.95
2026-08-05T15:36:01.572,INDIAVIX,NSE_INDEX,spot,12.02,,,,0,0,12.19,12.67,10.81,12.19
2026-08-05T15:36:02.127,NIFTY25AUG26FUT,NFO,future,24645.0,24645.0,24646.0,1.0,2923570,12366315,24715.0,24740.0,24565.0,24555.6
2026-08-05T15:36:02.716,SENSEX27AUG26FUT,BFO,future,78830.0,78830.0,78837.7,7.7,24100,36140,78932.0,79211.3,78612.9,78652.85
2026-08-05T15:36:03.242,NIFTY,NSE_INDEX,spot,24624.65,,,,0,0,24669.2,24677.6,24497.95,24614.9
2026-08-05T15:36:03.777,SENSEX,BSE_INDEX,spot,78581.0,,,,0,0,79055.38,79055.38,78285.74,78428.95
2026-08-05T15:36:04.319,INDIAVIX,NSE_INDEX,spot,12.01,,,,0,0,12.19,12.67,10.81,12.19
2026-08-05T15:36:04.872,NIFTY25AUG26FUT,NFO,future,24642.0,24641.1,24643.8,2.7,2928315,12366315,24715.0,24740.0,24565.0,24555.6
2026-08-05T15:36:05.419,SENSEX27AUG26FUT,BFO,future,78830.0,78830.0,78833.25,3.25,24100,36140,78932.0,79211.3,78612.9,78652.85
2026-08-05T15:36:05.991,NIFTY,NSE_INDEX,spot,24624.65,,,,0,0,24669.2,24677.6,24497.95,24614.9
2026-08-05T15:36:06.521,SENSEX,BSE_INDEX,spot,78581.0,,,,0,0,79055.38,79055.38,78285.74,78428.95
2026-08-05T15:36:07.075,INDIAVIX,NSE_INDEX,spot,12.04,,,,0,0,12.19,12.67,10.81,12.19
2026-08-05T15:36:07.624,NIFTY25AUG26FUT,NFO,future,24641.1,24641.1,24642.4,1.3,2928315,12366315,24715.0,24740.0,24565.0,24555.6
2026-08-05T15:36:08.184,SENSEX27AUG26FUT,BFO,future,78830.0,78778.9,78830.35,51.45,24140,36140,78932.0,79211.3,78612.9,78652.85
2026-08-05T15:36:08.723,NIFTY,NSE_INDEX,spot,24624.65,,,,0,0,24669.2,24677.6,24497.95,24614.9
2026-08-05T15:36:09.272,SENSEX,BSE_INDEX,spot,78581.0,,,,0,0,79055.38,79055.38,78285.74,78428.95
2026-08-05T15:36:09.822,INDIAVIX,NSE_INDEX,spot,12.06,,,,0,0,12.19,12.67,10.81,12.19
2026-08-05T15:36:10.374,NIFTY25AUG26FUT,NFO,future,24641.3,24635.1,24640.2,5.1,2928900,12366315,24715.0,24740.0,24565.0,24555.6
2026-08-05T15:36:10.931,SENSEX27AUG26FUT,BFO,future,78830.0,78779.1,78828.8,49.7,24140,36140,78932.0,79211.3,78612.9,78652.85
2026-08-05T15:36:11.473,NIFTY,NSE_INDEX,spot,24624.65,,,,0,0,24669.2,24677.6,24497.95,24614.9
2026-08-05T15:36:12.019,SENSEX,BSE_INDEX,spot,78581.0,,,,0,0,79055.38,79055.38,78285.74,78428.95
2026-08-05T15:36:12.569,INDIAVIX,NSE_INDEX,spot,12.08,,,,0,0,12.19,12.67,10.81,12.19
2026-08-05T15:36:13.118,NIFTY25AUG26FUT,NFO,future,24639.9,24635.1,24639.4,4.3,2929550,12366315,24715.0,24740.0,24565.0,24555.6
2026-08-05T15:36:13.675,SENSEX27AUG26FUT,BFO,future,78830.0,78801.0,78832.05,31.05,24140,36140,78932.0,79211.3,78612.9,78652.85
2026-08-05T15:36:14.225,NIFTY,NSE_INDEX,spot,24624.65,,,,0,0,24669.2,24677.6,24497.95,24614.9
2026-08-05T15:36:14.768,SENSEX,BSE_INDEX,spot,78581.0,,,,0,0,79055.38,79055.38,78285.74,78428.95
2026-08-05T15:36:15.358,INDIAVIX,NSE_INDEX,spot,12.08,,,,0,0,12.19,12.67,10.81,12.19
2026-08-05T15:36:15.878,NIFTY25AUG26FUT,NFO,future,24637.7,24635.2,24640.1,4.9,2929550,12366315,24715.0,24740.0,24565.0,24555.6
2026-08-05T15:36:16.424,SENSEX27AUG26FUT,BFO,future,78830.0,78801.0,78840.8,39.8,24140,36140,78932.0,79211.3,78612.9,78652.85
2026-08-05T15:36:16.970,NIFTY,NSE_INDEX,spot,24624.65,,,,0,0,24669.2,24677.6,24497.95,24614.9
2026-08-05T15:36:17.525,SENSEX,BSE_INDEX,spot,78581.0,,,,0,0,79055.38,79055.38,78285.74,78428.95
2026-08-05T15:36:18.088,INDIAVIX,NSE_INDEX,spot,12.07,,,,0,0,12.19,12.67,10.81,12.19
2026-08-05T15:36:18.626,NIFTY25AUG26FUT,NFO,future,24635.1,24635.0,24640.6,5.6,2930200,12366315,24715.0,24740.0,24565.0,24555.6
2026-08-05T15:36:19.170,SENSEX27AUG26FUT,BFO,future,78830.0,78801.0,78836.35,35.35,24140,36140,78932.0,79211.3,78612.9,78652.85
2026-08-05T15:36:19.717,NIFTY,NSE_INDEX,spot,24624.65,,,,0,0,24669.2,24677.6,24497.95,24614.9
2026-08-05T15:36:20.277,SENSEX,BSE_INDEX,spot,78581.0,,,,0,0,79055.38,79055.38,78285.74,78428.95
2026-08-05T15:36:20.817,INDIAVIX,NSE_INDEX,spot,12.07,,,,0,0,12.19,12.67,10.81,12.19
2026-08-05T15:36:21.368,NIFTY25AUG26FUT,NFO,future,24635.0,24635.0,24640.6,5.6,2930265,12366315,24715.0,24740.0,24565.0,24555.6
2026-08-05T15:36:21.920,SENSEX27AUG26FUT,BFO,future,78830.0,78801.0,78841.15,40.15,24140,36140,78932.0,79211.3,78612.9,78652.85
2026-08-05T15:36:22.467,NIFTY,NSE_INDEX,spot,24624.65,,,,0,0,24669.2,24677.6,24497.95,24614.9
2026-08-05T15:36:23.017,SENSEX,BSE_INDEX,spot,78581.0,,,,0,0,79055.38,79055.38,78285.74,78428.95
2026-08-05T15:36:23.576,INDIAVIX,NSE_INDEX,spot,12.05,,,,0,0,12.19,12.67,10.81,12.19
2026-08-05T15:36:24.138,NIFTY25AUG26FUT,NFO,future,24635.0,24635.0,24640.6,5.6,2930330,12366315,24715.0,24740.0,24565.0,24555.6
2026-08-05T15:36:24.682,SENSEX27AUG26FUT,BFO,future,78830.0,78801.0,78850.4,49.4,24140,36140,78932.0,79211.3,78612.9,78652.85
2026-08-05T15:36:25.231,NIFTY,NSE_INDEX,spot,24624.65,,,,0,0,24669.2,24677.6,24497.95,24614.9
2026-08-05T15:36:25.770,SENSEX,BSE_INDEX,spot,78581.0,,,,0,0,79055.38,79055.38,78285.74,78428.95
2026-08-05T15:36:26.367,INDIAVIX,NSE_INDEX,spot,12.06,,,,0,0,12.19,12.67,10.81,12.19
2026-08-05T15:36:26.874,NIFTY25AUG26FUT,NFO,future,24635.0,24635.0,24640.6,5.6,2930330,12366315,24715.0,24740.0,24565.0,24555.6
2026-08-05T15:36:27.444,SENSEX27AUG26FUT,BFO,future,78830.0,78801.0,78844.7,43.7,24140,36140,78932.0,79211.3,78612.9,78652.85
2026-08-05T15:36:27.992,NIFTY,NSE_INDEX,spot,24624.65,,,,0,0,24669.2,24677.6,24497.95,24614.9
2026-08-05T15:36:28.521,SENSEX,BSE_INDEX,spot,78581.0,,,,0,0,79055.38,79055.38,78285.74,78428.95
2026-08-05T15:36:29.069,INDIAVIX,NSE_INDEX,spot,12.06,,,,0,0,12.19,12.67,10.81,12.19
2026-08-05T15:36:29.618,NIFTY25AUG26FUT,NFO,future,24636.0,24636.0,24640.6,4.6,2930395,12366315,24715.0,24740.0,24565.0,24555.6
2026-08-05T15:36:30.210,SENSEX27AUG26FUT,BFO,future,78830.0,78801.0,78833.35,32.35,24140,36140,78932.0,79211.3,78612.9,78652.85
2026-08-05T15:36:30.777,NIFTY,NSE_INDEX,spot,24624.65,,,,0,0,24669.2,24677.6,24497.95,24614.9
2026-08-05T15:36:31.281,SENSEX,BSE_INDEX,spot,78581.0,,,,0,0,79055.38,79055.38,78285.74,78428.95
2026-08-05T15:36:31.881,INDIAVIX,NSE_INDEX,spot,12.08,,,,0,0,12.19,12.67,10.81,12.19
2026-08-05T15:36:32.404,NIFTY25AUG26FUT,NFO,future,24636.0,24636.0,24640.0,4.0,2930395,12366315,24715.0,24740.0,24565.0,24555.6
2026-08-05T15:36:32.976,SENSEX27AUG26FUT,BFO,future,78830.0,78801.0,78836.0,35.0,24140,36140,78932.0,79211.3,78612.9,78652.85
2026-08-05T15:36:33.472,NIFTY,NSE_INDEX,spot,24624.65,,,,0,0,24669.2,24677.6,24497.95,24614.9
2026-08-05T15:36:34.021,SENSEX,BSE_INDEX,spot,78581.0,,,,0,0,79055.38,79055.38,78285.74,78428.95
2026-08-05T15:36:34.569,INDIAVIX,NSE_INDEX,spot,12.08,,,,0,0,12.19,12.67,10.81,12.19
2026-08-05T15:36:35.119,NIFTY25AUG26FUT,NFO,future,24635.0,24635.0,24640.0,5.0,2930785,12366315,24715.0,24740.0,24565.0,24555.6
2026-08-05T15:36:35.671,SENSEX27AUG26FUT,BFO,future,78830.0,78801.0,78830.0,29.0,24140,36140,78932.0,79211.3,78612.9,78652.85
2026-08-05T15:36:36.221,NIFTY,NSE_INDEX,spot,24624.65,,,,0,0,24669.2,24677.6,24497.95,24614.9
2026-08-05T15:36:36.768,SENSEX,BSE_INDEX,spot,78581.0,,,,0,0,79055.38,79055.38,78285.74,78428.95
2026-08-05T15:36:37.321,INDIAVIX,NSE_INDEX,spot,12.07,,,,0,0,12.19,12.67,10.81,12.19
2026-08-05T15:36:37.873,NIFTY25AUG26FUT,NFO,future,24640.0,24636.0,24640.0,4.0,2930980,12366315,24715.0,24740.0,24565.0,24555.6
2026-08-05T15:36:38.420,SENSEX27AUG26FUT,BFO,future,78830.0,78801.0,78830.0,29.0,24140,36140,78932.0,79211.3,78612.9,78652.85
2026-08-05T15:36:38.982,NIFTY,NSE_INDEX,spot,24624.65,,,,0,0,24669.2,24677.6,24497.95,24614.9
2026-08-05T15:36:39.542,SENSEX,BSE_INDEX,spot,78581.0,,,,0,0,79055.38,79055.38,78285.74,78428.95
2026-08-05T15:36:40.068,INDIAVIX,NSE_INDEX,spot,12.07,,,,0,0,12.19,12.67,10.81,12.19
2026-08-05T15:36:40.678,NIFTY25AUG26FUT,NFO,future,24640.0,24636.0,24640.0,4.0,2930980,12366315,24715.0,24740.0,24565.0,24555.6
2026-08-05T15:36:41.172,SENSEX27AUG26FUT,BFO,future,78830.0,78801.0,78830.0,29.0,24140,36140,78932.0,79211.3,78612.9,78652.85
2026-08-05T15:36:41.811,NIFTY,NSE_INDEX,spot,24624.65,,,,0,0,24669.2,24677.6,24497.95,24614.9
2026-08-05T15:36:42.307,SENSEX,BSE_INDEX,spot,78581.0,,,,0,0,79055.38,79055.38,78285.74,78428.95
2026-08-05T15:36:42.821,INDIAVIX,NSE_INDEX,spot,12.09,,,,0,0,12.19,12.67,10.81,12.19
2026-08-05T15:36:43.412,NIFTY25AUG26FUT,NFO,future,24640.0,24636.0,24639.8,3.8,2930980,12366315,24715.0,24740.0,24565.0,24555.6
2026-08-05T15:36:43.918,SENSEX27AUG26FUT,BFO,future,78830.0,78801.0,78829.3,28.3,24140,36140,78932.0,79211.3,78612.9,78652.85
2026-08-05T15:36:44.487,NIFTY,NSE_INDEX,spot,24624.65,,,,0,0,24669.2,24677.6,24497.95,24614.9
2026-08-05T15:36:45.019,SENSEX,BSE_INDEX,spot,78581.0,,,,0,0,79055.38,79055.38,78285.74,78428.95
2026-08-05T15:36:45.583,INDIAVIX,NSE_INDEX,spot,12.1,,,,0,0,12.19,12.67,10.81,12.19
2026-08-05T15:36:46.159,NIFTY25AUG26FUT,NFO,future,24640.0,24636.0,24639.6,3.6,2930980,12366315,24715.0,24740.0,24565.0,24555.6
2026-08-05T15:36:46.684,SENSEX27AUG26FUT,BFO,future,78830.0,78801.0,78825.9,24.9,24140,36140,78932.0,79211.3,78612.9,78652.85
2026-08-05T15:36:47.221,NIFTY,NSE_INDEX,spot,24624.65,,,,0,0,24669.2,24677.6,24497.95,24614.9
2026-08-05T15:36:47.770,SENSEX,BSE_INDEX,spot,78581.0,,,,0,0,79055.38,79055.38,78285.74,78428.95
2026-08-05T15:36:48.363,INDIAVIX,NSE_INDEX,spot,12.1,,,,0,0,12.19,12.67,10.81,12.19
2026-08-05T15:36:49.102,NIFTY25AUG26FUT,NFO,future,24639.4,24636.0,24640.0,4.0,2931045,12366965,24715.0,24740.0,24565.0,24555.6
2026-08-05T15:36:49.434,SENSEX27AUG26FUT,BFO,future,78830.0,78801.0,78830.0,29.0,24140,36140,78932.0,79211.3,78612.9,78652.85
2026-08-05T15:36:49.967,NIFTY,NSE_INDEX,spot,24624.65,,,,0,0,24669.2,24677.6,24497.95,24614.9
2026-08-05T15:36:50.556,SENSEX,BSE_INDEX,spot,78581.0,,,,0,0,79055.38,79055.38,78285.74,78428.95
2026-08-05T15:36:51.085,INDIAVIX,NSE_INDEX,spot,12.11,,,,0,0,12.19,12.67,10.81,12.19
2026-08-05T15:36:51.626,NIFTY25AUG26FUT,NFO,future,24636.0,24635.0,24640.0,5.0,2931890,12366965,24715.0,24740.0,24565.0,24555.6
2026-08-05T15:36:52.172,SENSEX27AUG26FUT,BFO,future,78830.0,78801.0,78830.0,29.0,24140,36140,78932.0,79211.3,78612.9,78652.85
2026-08-05T15:36:52.724,NIFTY,NSE_INDEX,spot,24624.65,,,,0,0,24669.2,24677.6,24497.95,24614.9
2026-08-05T15:36:53.281,SENSEX,BSE_INDEX,spot,78581.0,,,,0,0,79055.38,79055.38,78285.74,78428.95
2026-08-05T15:36:53.886,INDIAVIX,NSE_INDEX,spot,12.09,,,,0,0,12.19,12.67,10.81,12.19
2026-08-05T15:36:54.376,NIFTY25AUG26FUT,NFO,future,24640.0,24635.0,24640.0,5.0,2932280,12366965,24715.0,24740.0,24565.0,24555.6
2026-08-05T15:36:54.977,SENSEX27AUG26FUT,BFO,future,78830.0,78801.0,78830.0,29.0,24140,36140,78932.0,79211.3,78612.9,78652.85
2026-08-05T15:36:55.475,NIFTY,NSE_INDEX,spot,24624.65,,,,0,0,24669.2,24677.6,24497.95,24614.9
2026-08-05T15:36:56.018,SENSEX,BSE_INDEX,spot,78581.0,,,,0,0,79055.38,79055.38,78285.74,78428.95
2026-08-05T15:36:56.613,INDIAVIX,NSE_INDEX,spot,12.09,,,,0,0,12.19,12.67,10.81,12.19
2026-08-05T15:36:57.141,NIFTY25AUG26FUT,NFO,future,24636.0,24635.0,24640.0,5.0,2932410,12366965,24715.0,24740.0,24565.0,24555.6
2026-08-05T15:36:57.677,SENSEX27AUG26FUT,BFO,future,78830.0,78801.0,78830.0,29.0,24140,36160,78932.0,79211.3,78612.9,78652.85
2026-08-05T15:36:58.219,NIFTY,NSE_INDEX,spot,24624.65,,,,0,0,24669.2,24677.6,24497.95,24614.9
2026-08-05T15:36:58.768,SENSEX,BSE_INDEX,spot,78581.0,,,,0,0,79055.38,79055.38,78285.74,78428.95
2026-08-05T15:36:59.332,INDIAVIX,NSE_INDEX,spot,12.09,,,,0,0,12.19,12.67,10.81,12.19
2026-08-05T15:36:59.868,NIFTY25AUG26FUT,NFO,future,24640.0,24635.0,24640.0,5.0,2932475,12366965,24715.0,24740.0,24565.0,24555.6
2026-08-05T15:37:00.419,SENSEX27AUG26FUT,BFO,future,78830.0,78801.0,78830.0,29.0,24140,36160,78932.0,79211.3,78612.9,78652.85
2026-08-05T15:37:00.978,NIFTY,NSE_INDEX,spot,24624.65,,,,0,0,24669.2,24677.6,24497.95,24614.9
2026-08-05T15:37:01.526,SENSEX,BSE_INDEX,spot,78581.0,,,,0,0,79055.38,79055.38,78285.74,78428.95
2026-08-05T15:37:02.069,INDIAVIX,NSE_INDEX,spot,12.06,,,,0,0,12.19,12.67,10.81,12.19
2026-08-05T15:37:02.618,NIFTY25AUG26FUT,NFO,future,24635.0,24635.0,24640.0,5.0,2932605,12366965,24715.0,24740.0,24565.0,24555.6
2026-08-05T15:37:03.202,SENSEX27AUG26FUT,BFO,future,78830.0,78801.0,78830.0,29.0,24140,36160,78932.0,79211.3,78612.9,78652.85
2026-08-05T15:37:03.722,NIFTY,NSE_INDEX,spot,24624.65,,,,0,0,24669.2,24677.6,24497.95,24614.9
2026-08-05T15:37:04.269,SENSEX,BSE_INDEX,spot,78581.0,,,,0,0,79055.38,79055.38,78285.74,78428.95
2026-08-05T15:37:04.818,INDIAVIX,NSE_INDEX,spot,12.06,,,,0,0,12.19,12.67,10.81,12.19
2026-08-05T15:37:05.369,NIFTY25AUG26FUT,NFO,future,24635.0,24635.0,24639.0,4.0,2932800,12366965,24715.0,24740.0,24565.0,24555.6
2026-08-05T15:37:05.921,SENSEX27AUG26FUT,BFO,future,78830.0,78801.0,78830.0,29.0,24140,36160,78932.0,79211.3,78612.9,78652.85
2026-08-05T15:37:06.474,NIFTY,NSE_INDEX,spot,24624.65,,,,0,0,24669.2,24677.6,24497.95,24614.9
2026-08-05T15:37:07.029,SENSEX,BSE_INDEX,spot,78581.0,,,,0,0,79055.38,79055.38,78285.74,78428.95
2026-08-05T15:37:07.578,INDIAVIX,NSE_INDEX,spot,12.06,,,,0,0,12.19,12.67,10.81,12.19
2026-08-05T15:37:08.137,NIFTY25AUG26FUT,NFO,future,24635.0,24635.0,24639.0,4.0,2932865,12366965,24715.0,24740.0,24565.0,24555.6
2026-08-05T15:37:08.670,SENSEX27AUG26FUT,BFO,future,78830.0,78801.0,78830.0,29.0,24140,36160,78932.0,79211.3,78612.9,78652.85
2026-08-05T15:37:09.221,NIFTY,NSE_INDEX,spot,24624.65,,,,0,0,24669.2,24677.6,24497.95,24614.9
2026-08-05T15:37:09.770,SENSEX,BSE_INDEX,spot,78581.0,,,,0,0,79055.38,79055.38,78285.74,78428.95
2026-08-05T15:37:10.318,INDIAVIX,NSE_INDEX,spot,12.06,,,,0,0,12.19,12.67,10.81,12.19
2026-08-05T15:37:10.889,NIFTY25AUG26FUT,NFO,future,24635.5,24635.0,24639.0,4.0,2932865,12366965,24715.0,24740.0,24565.0,24555.6
2026-08-05T15:37:11.422,SENSEX27AUG26FUT,BFO,future,78830.0,78801.0,78830.0,29.0,24140,36160,78932.0,79211.3,78612.9,78652.85
2026-08-05T15:37:11.973,NIFTY,NSE_INDEX,spot,24624.65,,,,0,0,24669.2,24677.6,24497.95,24614.9
2026-08-05T15:37:12.522,SENSEX,BSE_INDEX,spot,78581.0,,,,0,0,79055.38,79055.38,78285.74,78428.95
2026-08-05T15:37:13.071,INDIAVIX,NSE_INDEX,spot,12.06,,,,0,0,12.19,12.67,10.81,12.19
2026-08-05T15:37:13.623,NIFTY25AUG26FUT,NFO,future,24639.0,24635.0,24639.0,4.0,2932995,12366965,24715.0,24740.0,24565.0,24555.6
2026-08-05T15:37:14.184,SENSEX27AUG26FUT,BFO,future,78830.0,78801.0,78829.35,28.35,24140,36160,78932.0,79211.3,78612.9,78652.85
2026-08-05T15:37:14.724,NIFTY,NSE_INDEX,spot,24624.65,,,,0,0,24669.2,24677.6,24497.95,24614.9
2026-08-05T15:37:15.273,SENSEX,BSE_INDEX,spot,78581.0,,,,0,0,79055.38,79055.38,78285.74,78428.95
2026-08-05T15:37:15.820,INDIAVIX,NSE_INDEX,spot,12.06,,,,0,0,12.19,12.67,10.81,12.19
2026-08-05T15:37:16.396,NIFTY25AUG26FUT,NFO,future,24639.0,24636.0,24639.0,3.0,2932995,12366965,24715.0,24740.0,24565.0,24555.6
2026-08-05T15:37:16.921,SENSEX27AUG26FUT,BFO,future,78830.0,78801.0,78828.65,27.65,24140,36160,78932.0,79211.3,78612.9,78652.85
2026-08-05T15:37:17.473,NIFTY,NSE_INDEX,spot,24624.65,,,,0,0,24669.2,24677.6,24497.95,24614.9
2026-08-05T15:37:18.023,SENSEX,BSE_INDEX,spot,78581.0,,,,0,0,79055.38,79055.38,78285.74,78428.95
2026-08-05T15:37:18.570,INDIAVIX,NSE_INDEX,spot,12.04,,,,0,0,12.19,12.67,10.81,12.19
2026-08-05T15:37:19.121,NIFTY25AUG26FUT,NFO,future,24639.0,24636.0,24639.0,3.0,2932995,12366965,24715.0,24740.0,24565.0,24555.6
2026-08-05T15:37:19.671,SENSEX27AUG26FUT,BFO,future,78830.0,78801.0,78830.0,29.0,24140,36160,78932.0,79211.3,78612.9,78652.85
2026-08-05T15:37:20.224,NIFTY,NSE_INDEX,spot,24624.65,,,,0,0,24669.2,24677.6,24497.95,24614.9
2026-08-05T15:37:20.773,SENSEX,BSE_INDEX,spot,78581.0,,,,0,0,79055.38,79055.38,78285.74,78428.95
2026-08-05T15:37:21.321,INDIAVIX,NSE_INDEX,spot,12.05,,,,0,0,12.19,12.67,10.81,12.19
2026-08-05T15:37:21.869,NIFTY25AUG26FUT,NFO,future,24638.0,24636.0,24639.0,3.0,2933255,12366965,24715.0,24740.0,24565.0,24555.6
2026-08-05T15:37:22.424,SENSEX27AUG26FUT,BFO,future,78830.0,78801.0,78830.0,29.0,24140,36160,78932.0,79211.3,78612.9,78652.85
2026-08-05T15:37:22.970,NIFTY,NSE_INDEX,spot,24624.65,,,,0,0,24669.2,24677.6,24497.95,24614.9
2026-08-05T15:37:23.556,SENSEX,BSE_INDEX,spot,78581.0,,,,0,0,79055.38,79055.38,78285.74,78428.95
2026-08-05T15:37:24.078,INDIAVIX,NSE_INDEX,spot,12.05,,,,0,0,12.19,12.67,10.81,12.19
2026-08-05T15:37:24.619,NIFTY25AUG26FUT,NFO,future,24636.0,24636.0,24638.0,2.0,2933515,12366965,24715.0,24740.0,24565.0,24555.6
2026-08-05T15:37:25.181,SENSEX27AUG26FUT,BFO,future,78830.0,78801.0,78830.0,29.0,24140,36160,78932.0,79211.3,78612.9,78652.85
2026-08-05T15:37:25.725,NIFTY,NSE_INDEX,spot,24624.65,,,,0,0,24669.2,24677.6,24497.95,24614.9
2026-08-05T15:37:26.269,SENSEX,BSE_INDEX,spot,78581.0,,,,0,0,79055.38,79055.38,78285.74,78428.95
2026-08-05T15:37:26.821,INDIAVIX,NSE_INDEX,spot,12.04,,,,0,0,12.19,12.67,10.81,12.19
2026-08-05T15:37:27.371,NIFTY25AUG26FUT,NFO,future,24636.0,24636.0,24638.0,2.0,2933515,12366965,24715.0,24740.0,24565.0,24555.6
2026-08-05T15:37:27.927,SENSEX27AUG26FUT,BFO,future,78830.0,78802.1,78827.3,25.2,24140,36160,78932.0,79211.3,78612.9,78652.85
2026-08-05T15:37:28.472,NIFTY,NSE_INDEX,spot,24624.65,,,,0,0,24669.2,24677.6,24497.95,24614.9
2026-08-05T15:37:29.022,SENSEX,BSE_INDEX,spot,78581.0,,,,0,0,79055.38,79055.38,78285.74,78428.95
2026-08-05T15:37:29.569,INDIAVIX,NSE_INDEX,spot,12.04,,,,0,0,12.19,12.67,10.81,12.19
2026-08-05T15:37:30.119,NIFTY25AUG26FUT,NFO,future,24636.0,24636.0,24638.0,2.0,2933515,12366965,24715.0,24740.0,24565.0,24555.6
2026-08-05T15:37:30.669,SENSEX27AUG26FUT,BFO,future,78830.0,78802.1,78825.9,23.8,24140,36160,78932.0,79211.3,78612.9,78652.85
2026-08-05T15:37:31.221,NIFTY,NSE_INDEX,spot,24624.65,,,,0,0,24669.2,24677.6,24497.95,24614.9
2026-08-05T15:37:31.770,SENSEX,BSE_INDEX,spot,78581.0,,,,0,0,79055.38,79055.38,78285.74,78428.95
2026-08-05T15:37:32.320,INDIAVIX,NSE_INDEX,spot,12.05,,,,0,0,12.19,12.67,10.81,12.19
2026-08-05T15:37:32.869,NIFTY25AUG26FUT,NFO,future,24635.0,24635.0,24638.0,3.0,2933775,12366965,24715.0,24740.0,24565.0,24555.6
2026-08-05T15:37:33.419,SENSEX27AUG26FUT,BFO,future,78830.0,78802.1,78821.75,19.65,24140,36160,78932.0,79211.3,78612.9,78652.85
2026-08-05T15:37:33.971,NIFTY,NSE_INDEX,spot,24624.65,,,,0,0,24669.2,24677.6,24497.95,24614.9
2026-08-05T15:37:34.519,SENSEX,BSE_INDEX,spot,78581.0,,,,0,0,79055.38,79055.38,78285.74,78428.95
2026-08-05T15:37:35.082,INDIAVIX,NSE_INDEX,spot,12.05,,,,0,0,12.19,12.67,10.81,12.19
2026-08-05T15:37:35.621,NIFTY25AUG26FUT,NFO,future,24638.0,24635.0,24636.0,1.0,2933840,12366965,24715.0,24740.0,24565.0,24555.6
2026-08-05T15:37:36.169,SENSEX27AUG26FUT,BFO,future,78830.0,78802.1,78827.45,25.35,24140,36160,78932.0,79211.3,78612.9,78652.85
2026-08-05T15:37:36.723,NIFTY,NSE_INDEX,spot,24624.65,,,,0,0,24669.2,24677.6,24497.95,24614.9
2026-08-05T15:37:37.284,SENSEX,BSE_INDEX,spot,78581.0,,,,0,0,79055.38,79055.38,78285.74,78428.95
2026-08-05T15:37:37.819,INDIAVIX,NSE_INDEX,spot,12.04,,,,0,0,12.19,12.67,10.81,12.19
2026-08-05T15:37:38.373,NIFTY25AUG26FUT,NFO,future,24638.0,24635.0,24636.0,1.0,2934165,12366965,24715.0,24740.0,24565.0,24555.6
2026-08-05T15:37:38.918,SENSEX27AUG26FUT,BFO,future,78820.0,78801.0,78820.55,19.55,24180,36160,78932.0,79211.3,78612.9,78652.85
2026-08-05T15:37:39.469,NIFTY,NSE_INDEX,spot,24624.65,,,,0,0,24669.2,24677.6,24497.95,24614.9
2026-08-05T15:37:40.018,SENSEX,BSE_INDEX,spot,78581.0,,,,0,0,79055.38,79055.38,78285.74,78428.95
2026-08-05T15:37:40.575,INDIAVIX,NSE_INDEX,spot,12.04,,,,0,0,12.19,12.67,10.81,12.19
2026-08-05T15:37:41.120,NIFTY25AUG26FUT,NFO,future,24638.0,24635.0,24636.0,1.0,2934165,12366965,24715.0,24740.0,24565.0,24555.6
2026-08-05T15:37:41.670,SENSEX27AUG26FUT,BFO,future,78820.0,78801.0,78827.2,26.2,24180,36160,78932.0,79211.3,78612.9,78652.85
2026-08-05T15:37:42.222,NIFTY,NSE_INDEX,spot,24624.65,,,,0,0,24669.2,24677.6,24497.95,24614.9
2026-08-05T15:37:42.771,SENSEX,BSE_INDEX,spot,78581.0,,,,0,0,79055.38,79055.38,78285.74,78428.95
2026-08-05T15:37:43.320,INDIAVIX,NSE_INDEX,spot,12.03,,,,0,0,12.19,12.67,10.81,12.19
2026-08-05T15:37:43.870,NIFTY25AUG26FUT,NFO,future,24638.0,24635.0,24636.0,1.0,2934165,12366965,24715.0,24740.0,24565.0,24555.6
2026-08-05T15:37:44.423,SENSEX27AUG26FUT,BFO,future,78820.0,78801.0,78824.0,23.0,24180,36160,78932.0,79211.3,78612.9,78652.85
2026-08-05T15:37:44.970,NIFTY,NSE_INDEX,spot,24624.65,,,,0,0,24669.2,24677.6,24497.95,24614.9
2026-08-05T15:37:45.528,SENSEX,BSE_INDEX,spot,78581.0,,,,0,0,79055.38,79055.38,78285.74,78428.95
2026-08-05T15:37:46.073,INDIAVIX,NSE_INDEX,spot,12.04,,,,0,0,12.19,12.67,10.81,12.19
2026-08-05T15:37:46.623,NIFTY25AUG26FUT,NFO,future,24635.0,24635.0,24636.0,1.0,2934295,12367550,24715.0,24740.0,24565.0,24555.6
2026-08-05T15:37:47.174,SENSEX27AUG26FUT,BFO,future,78820.0,78803.0,78827.75,24.75,24180,36160,78932.0,79211.3,78612.9,78652.85
2026-08-05T15:37:47.718,NIFTY,NSE_INDEX,spot,24624.65,,,,0,0,24669.2,24677.6,24497.95,24614.9
2026-08-05T15:37:48.273,SENSEX,BSE_INDEX,spot,78581.0,,,,0,0,79055.38,79055.38,78285.74,78428.95
2026-08-05T15:37:48.826,INDIAVIX,NSE_INDEX,spot,12.04,,,,0,0,12.19,12.67,10.81,12.19
2026-08-05T15:37:49.387,NIFTY25AUG26FUT,NFO,future,24635.0,24635.0,24636.0,1.0,2934750,12367550,24715.0,24740.0,24565.0,24555.6
2026-08-05T15:37:49.924,SENSEX27AUG26FUT,BFO,future,78820.0,78803.0,78829.7,26.7,24180,36160,78932.0,79211.3,78612.9,78652.85
2026-08-05T15:37:50.470,NIFTY,NSE_INDEX,spot,24624.65,,,,0,0,24669.2,24677.6,24497.95,24614.9
2026-08-05T15:37:51.022,SENSEX,BSE_INDEX,spot,78581.0,,,,0,0,79055.38,79055.38,78285.74,78428.95
2026-08-05T15:37:51.573,INDIAVIX,NSE_INDEX,spot,12.04,,,,0,0,12.19,12.67,10.81,12.19
2026-08-05T15:37:52.250,NIFTY25AUG26FUT,NFO,future,24635.0,24635.0,24636.0,1.0,2934750,12367550,24715.0,24740.0,24565.0,24555.6
2026-08-05T15:37:52.673,SENSEX27AUG26FUT,BFO,future,78820.0,78803.0,78830.0,27.0,24180,36160,78932.0,79211.3,78612.9,78652.85
2026-08-05T15:37:53.240,NIFTY,NSE_INDEX,spot,24624.65,,,,0,0,24669.2,24677.6,24497.95,24614.9
2026-08-05T15:37:53.772,SENSEX,BSE_INDEX,spot,78581.0,,,,0,0,79055.38,79055.38,78285.74,78428.95
2026-08-05T15:37:54.322,INDIAVIX,NSE_INDEX,spot,12.04,,,,0,0,12.19,12.67,10.81,12.19
2026-08-05T15:37:54.870,NIFTY25AUG26FUT,NFO,future,24635.0,24635.0,24636.0,1.0,2934880,12367550,24715.0,24740.0,24565.0,24555.6
2026-08-05T15:37:55.463,SENSEX27AUG26FUT,BFO,future,78820.0,78803.0,78830.0,27.0,24180,36160,78932.0,79211.3,78612.9,78652.85
2026-08-05T15:37:55.970,NIFTY,NSE_INDEX,spot,24624.65,,,,0,0,24669.2,24677.6,24497.95,24614.9
2026-08-05T15:37:56.525,SENSEX,BSE_INDEX,spot,78581.0,,,,0,0,79055.38,79055.38,78285.74,78428.95
2026-08-05T15:37:57.069,INDIAVIX,NSE_INDEX,spot,12.03,,,,0,0,12.19,12.67,10.81,12.19
2026-08-05T15:37:57.680,NIFTY25AUG26FUT,NFO,future,24635.0,24635.0,24636.0,1.0,2934880,12367550,24715.0,24740.0,24565.0,24555.6
2026-08-05T15:37:58.169,SENSEX27AUG26FUT,BFO,future,78820.0,78820.0,78829.0,9.0,24180,36160,78932.0,79211.3,78612.9,78652.85
2026-08-05T15:37:58.735,NIFTY,NSE_INDEX,spot,24624.65,,,,0,0,24669.2,24677.6,24497.95,24614.9
2026-08-05T15:37:59.303,SENSEX,BSE_INDEX,spot,78581.0,,,,0,0,79055.38,79055.38,78285.74,78428.95
2026-08-05T15:37:59.824,INDIAVIX,NSE_INDEX,spot,12.05,,,,0,0,12.19,12.67,10.81,12.19
2026-08-05T15:38:00.375,NIFTY25AUG26FUT,NFO,future,24636.0,24635.0,24636.0,1.0,2935075,12367550,24715.0,24740.0,24565.0,24555.6
2026-08-05T15:38:00.959,SENSEX27AUG26FUT,BFO,future,78820.0,78820.0,78829.0,9.0,24180,36160,78932.0,79211.3,78612.9,78652.85
2026-08-05T15:38:01.519,NIFTY,NSE_INDEX,spot,24624.65,,,,0,0,24669.2,24677.6,24497.95,24614.9
2026-08-05T15:38:02.090,SENSEX,BSE_INDEX,spot,78581.0,,,,0,0,79055.38,79055.38,78285.74,78428.95
2026-08-05T15:38:02.574,INDIAVIX,NSE_INDEX,spot,12.04,,,,0,0,12.19,12.67,10.81,12.19
2026-08-05T15:38:03.119,NIFTY25AUG26FUT,NFO,future,24636.0,24635.0,24640.0,5.0,2935530,12367550,24715.0,24740.0,24565.0,24555.6
2026-08-05T15:38:03.703,SENSEX27AUG26FUT,BFO,future,78820.0,78820.0,78829.0,9.0,24180,36160,78932.0,79211.3,78612.9,78652.85
2026-08-05T15:38:04.246,NIFTY,NSE_INDEX,spot,24624.65,,,,0,0,24669.2,24677.6,24497.95,24614.9
2026-08-05T15:38:04.773,SENSEX,BSE_INDEX,spot,78581.0,,,,0,0,79055.38,79055.38,78285.74,78428.95
2026-08-05T15:38:05.336,INDIAVIX,NSE_INDEX,spot,12.05,,,,0,0,12.19,12.67,10.81,12.19
2026-08-05T15:38:05.868,NIFTY25AUG26FUT,NFO,future,24636.9,24636.0,24639.0,3.0,2935595,12367550,24715.0,24740.0,24565.0,24555.6
2026-08-05T15:38:06.419,SENSEX27AUG26FUT,BFO,future,78820.0,78820.0,78829.0,9.0,24180,36160,78932.0,79211.3,78612.9,78652.85
2026-08-05T15:38:07.028,NIFTY,NSE_INDEX,spot,24624.65,,,,0,0,24669.2,24677.6,24497.95,24614.9
2026-08-05T15:38:07.549,SENSEX,BSE_INDEX,spot,78581.0,,,,0,0,79055.38,79055.38,78285.74,78428.95
2026-08-05T15:38:08.073,INDIAVIX,NSE_INDEX,spot,12.05,,,,0,0,12.19,12.67,10.81,12.19
2026-08-05T15:38:08.626,NIFTY25AUG26FUT,NFO,future,24640.0,24636.9,24640.0,3.1,2935920,12367550,24715.0,24740.0,24565.0,24555.6
2026-08-05T15:38:09.174,SENSEX27AUG26FUT,BFO,future,78820.0,78820.0,78829.0,9.0,24180,36160,78932.0,79211.3,78612.9,78652.85
2026-08-05T15:38:09.719,NIFTY,NSE_INDEX,spot,24624.65,,,,0,0,24669.2,24677.6,24497.95,24614.9
2026-08-05T15:38:10.269,SENSEX,BSE_INDEX,spot,78581.0,,,,0,0,79055.38,79055.38,78285.74,78428.95
2026-08-05T15:38:10.821,INDIAVIX,NSE_INDEX,spot,12.05,,,,0,0,12.19,12.67,10.81,12.19
2026-08-05T15:38:11.374,NIFTY25AUG26FUT,NFO,future,24644.1,24636.9,24640.0,3.1,2935985,12367550,24715.0,24740.0,24565.0,24555.6
2026-08-05T15:38:11.929,SENSEX27AUG26FUT,BFO,future,78820.0,78803.0,78830.0,27.0,24200,36160,78932.0,79211.3,78612.9,78652.85
2026-08-05T15:38:12.471,NIFTY,NSE_INDEX,spot,24624.65,,,,0,0,24669.2,24677.6,24497.95,24614.9
2026-08-05T15:38:13.033,SENSEX,BSE_INDEX,spot,78581.0,,,,0,0,79055.38,79055.38,78285.74,78428.95
2026-08-05T15:38:13.576,INDIAVIX,NSE_INDEX,spot,12.06,,,,0,0,12.19,12.67,10.81,12.19
2026-08-05T15:38:14.126,NIFTY25AUG26FUT,NFO,future,24640.0,24640.0,24644.5,4.5,2936700,12367550,24715.0,24740.0,24565.0,24555.6
2026-08-05T15:38:14.670,SENSEX27AUG26FUT,BFO,future,78820.0,78803.0,78830.0,27.0,24200,36160,78932.0,79211.3,78612.9,78652.85
2026-08-05T15:38:15.226,NIFTY,NSE_INDEX,spot,24624.65,,,,0,0,24669.2,24677.6,24497.95,24614.9
2026-08-05T15:38:15.807,SENSEX,BSE_INDEX,spot,78581.0,,,,0,0,79055.38,79055.38,78285.74,78428.95
2026-08-05T15:38:16.325,INDIAVIX,NSE_INDEX,spot,12.06,,,,0,0,12.19,12.67,10.81,12.19
2026-08-05T15:38:16.873,NIFTY25AUG26FUT,NFO,future,24640.0,24640.0,24644.0,4.0,2937415,12367550,24715.0,24740.0,24565.0,24555.6
2026-08-05T15:38:17.497,SENSEX27AUG26FUT,BFO,future,78820.0,78803.0,78820.0,17.0,24200,36160,78932.0,79211.3,78612.9,78652.85
2026-08-05T15:38:17.968,NIFTY,NSE_INDEX,spot,24624.65,,,,0,0,24669.2,24677.6,24497.95,24614.9
2026-08-05T15:38:18.519,SENSEX,BSE_INDEX,spot,78581.0,,,,0,0,79055.38,79055.38,78285.74,78428.95
2026-08-05T15:38:19.098,INDIAVIX,NSE_INDEX,spot,12.06,,,,0,0,12.19,12.67,10.81,12.19
2026-08-05T15:38:19.618,NIFTY25AUG26FUT,NFO,future,24643.8,24640.0,24643.9,3.9,2937870,12367550,24715.0,24740.0,24565.0,24555.6
2026-08-05T15:38:20.170,SENSEX27AUG26FUT,BFO,future,78820.0,78803.0,78820.0,17.0,24200,36160,78932.0,79211.3,78612.9,78652.85
2026-08-05T15:38:20.725,NIFTY,NSE_INDEX,spot,24624.65,,,,0,0,24669.2,24677.6,24497.95,24614.9
2026-08-05T15:38:21.323,SENSEX,BSE_INDEX,spot,78581.0,,,,0,0,79055.38,79055.38,78285.74,78428.95
2026-08-05T15:38:21.819,INDIAVIX,NSE_INDEX,spot,12.06,,,,0,0,12.19,12.67,10.81,12.19
2026-08-05T15:38:22.373,NIFTY25AUG26FUT,NFO,future,24640.0,24640.0,24644.6,4.6,2937935,12367550,24715.0,24740.0,24565.0,24555.6
2026-08-05T15:38:22.919,SENSEX27AUG26FUT,BFO,future,78820.0,78803.0,78820.0,17.0,24200,36160,78932.0,79211.3,78612.9,78652.85
2026-08-05T15:38:23.472,NIFTY,NSE_INDEX,spot,24624.65,,,,0,0,24669.2,24677.6,24497.95,24614.9
2026-08-05T15:38:24.023,SENSEX,BSE_INDEX,spot,78581.0,,,,0,0,79055.38,79055.38,78285.74,78428.95
2026-08-05T15:38:24.573,INDIAVIX,NSE_INDEX,spot,12.06,,,,0,0,12.19,12.67,10.81,12.19
2026-08-05T15:38:25.133,NIFTY25AUG26FUT,NFO,future,24640.1,24640.1,24644.9,4.8,2940210,12367550,24715.0,24740.0,24565.0,24555.6
2026-08-05T15:38:25.687,SENSEX27AUG26FUT,BFO,future,78820.0,78803.0,78820.0,17.0,24200,36160,78932.0,79211.3,78612.9,78652.85
2026-08-05T15:38:26.219,NIFTY,NSE_INDEX,spot,24624.65,,,,0,0,24669.2,24677.6,24497.95,24614.9
2026-08-05T15:38:26.770,SENSEX,BSE_INDEX,spot,78581.0,,,,0,0,79055.38,79055.38,78285.74,78428.95
2026-08-05T15:38:27.321,INDIAVIX,NSE_INDEX,spot,12.05,,,,0,0,12.19,12.67,10.81,12.19
2026-08-05T15:38:27.876,NIFTY25AUG26FUT,NFO,future,24636.0,24640.0,24640.1,0.1,2941575,12367550,24715.0,24740.0,24565.0,24555.6
2026-08-05T15:38:28.426,SENSEX27AUG26FUT,BFO,future,78820.0,78803.0,78820.0,17.0,24200,36160,78932.0,79211.3,78612.9,78652.85
2026-08-05T15:38:28.974,NIFTY,NSE_INDEX,spot,24624.65,,,,0,0,24669.2,24677.6,24497.95,24614.9
2026-08-05T15:38:29.525,SENSEX,BSE_INDEX,spot,78581.0,,,,0,0,79055.38,79055.38,78285.74,78428.95
2026-08-05T15:38:30.071,INDIAVIX,NSE_INDEX,spot,12.05,,,,0,0,12.19,12.67,10.81,12.19
2026-08-05T15:38:30.622,NIFTY25AUG26FUT,NFO,future,24636.0,24635.2,24636.0,0.8,2942095,12367550,24715.0,24740.0,24565.0,24555.6
2026-08-05T15:38:31.172,SENSEX27AUG26FUT,BFO,future,78820.0,78803.0,78820.0,17.0,24200,36160,78932.0,79211.3,78612.9,78652.85
2026-08-05T15:38:31.722,NIFTY,NSE_INDEX,spot,24624.65,,,,0,0,24669.2,24677.6,24497.95,24614.9
2026-08-05T15:38:32.270,SENSEX,BSE_INDEX,spot,78581.0,,,,0,0,79055.38,79055.38,78285.74,78428.95
2026-08-05T15:38:32.820,INDIAVIX,NSE_INDEX,spot,12.05,,,,0,0,12.19,12.67,10.81,12.19
2026-08-05T15:38:33.369,NIFTY25AUG26FUT,NFO,future,24640.0,24640.0,24640.1,0.1,2942160,12367550,24715.0,24740.0,24565.0,24555.6
2026-08-05T15:38:33.932,SENSEX27AUG26FUT,BFO,future,78820.0,78803.0,78820.0,17.0,24200,36160,78932.0,79211.3,78612.9,78652.85
2026-08-05T15:38:34.470,NIFTY,NSE_INDEX,spot,24624.65,,,,0,0,24669.2,24677.6,24497.95,24614.9
2026-08-05T15:38:35.017,SENSEX,BSE_INDEX,spot,78581.0,,,,0,0,79055.38,79055.38,78285.74,78428.95
2026-08-05T15:38:35.574,INDIAVIX,NSE_INDEX,spot,12.05,,,,0,0,12.19,12.67,10.81,12.19
2026-08-05T15:38:36.120,NIFTY25AUG26FUT,NFO,future,24640.0,24640.0,24640.1,0.1,2942550,12367550,24715.0,24740.0,24565.0,24555.6
2026-08-05T15:38:36.670,SENSEX27AUG26FUT,BFO,future,78820.0,78803.0,78820.0,17.0,24200,36160,78932.0,79211.3,78612.9,78652.85
2026-08-05T15:38:37.218,NIFTY,NSE_INDEX,spot,24624.65,,,,0,0,24669.2,24677.6,24497.95,24614.9
2026-08-05T15:38:37.770,SENSEX,BSE_INDEX,spot,78581.0,,,,0,0,79055.38,79055.38,78285.74,78428.95
2026-08-05T15:38:38.322,INDIAVIX,NSE_INDEX,spot,12.04,,,,0,0,12.19,12.67,10.81,12.19
2026-08-05T15:38:38.935,NIFTY25AUG26FUT,NFO,future,24640.1,24640.0,24644.0,4.0,2943070,12367550,24715.0,24740.0,24565.0,24555.6
2026-08-05T15:38:39.424,SENSEX27AUG26FUT,BFO,future,78820.0,78803.0,78820.0,17.0,24200,36160,78932.0,79211.3,78612.9,78652.85
2026-08-05T15:38:39.973,NIFTY,NSE_INDEX,spot,24624.65,,,,0,0,24669.2,24677.6,24497.95,24614.9
2026-08-05T15:38:40.525,SENSEX,BSE_INDEX,spot,78581.0,,,,0,0,79055.38,79055.38,78285.74,78428.95
2026-08-05T15:38:41.075,INDIAVIX,NSE_INDEX,spot,12.03,,,,0,0,12.19,12.67,10.81,12.19
2026-08-05T15:38:41.641,NIFTY25AUG26FUT,NFO,future,24644.0,24640.0,24644.0,4.0,2943200,12367550,24715.0,24740.0,24565.0,24555.6
2026-08-05T15:38:42.177,SENSEX27AUG26FUT,BFO,future,78820.0,78803.0,78820.0,17.0,24200,36160,78932.0,79211.3,78612.9,78652.85
2026-08-05T15:38:42.721,NIFTY,NSE_INDEX,spot,24624.65,,,,0,0,24669.2,24677.6,24497.95,24614.9
2026-08-05T15:38:43.272,SENSEX,BSE_INDEX,spot,78581.0,,,,0,0,79055.38,79055.38,78285.74,78428.95
2026-08-05T15:38:43.820,INDIAVIX,NSE_INDEX,spot,12.03,,,,0,0,12.19,12.67,10.81,12.19
2026-08-05T15:38:44.380,NIFTY25AUG26FUT,NFO,future,24640.0,24640.0,24644.0,4.0,2943265,12367550,24715.0,24740.0,24565.0,24555.6
2026-08-05T15:38:44.923,SENSEX27AUG26FUT,BFO,future,78820.0,78803.0,78820.0,17.0,24200,36160,78932.0,79211.3,78612.9,78652.85
2026-08-05T15:38:45.504,NIFTY,NSE_INDEX,spot,24624.65,,,,0,0,24669.2,24677.6,24497.95,24614.9
2026-08-05T15:38:46.022,SENSEX,BSE_INDEX,spot,78581.0,,,,0,0,79055.38,79055.38,78285.74,78428.95
2026-08-05T15:38:46.620,INDIAVIX,NSE_INDEX,spot,12.03,,,,0,0,12.19,12.67,10.81,12.19
2026-08-05T15:38:47.120,NIFTY25AUG26FUT,NFO,future,24640.0,24640.0,24644.6,4.6,2943720,12365795,24715.0,24740.0,24565.0,24555.6
2026-08-05T15:38:47.686,SENSEX27AUG26FUT,BFO,future,78820.0,78803.0,78820.0,17.0,24200,36160,78932.0,79211.3,78612.9,78652.85
2026-08-05T15:38:48.219,NIFTY,NSE_INDEX,spot,24624.65,,,,0,0,24669.2,24677.6,24497.95,24614.9
2026-08-05T15:38:48.783,SENSEX,BSE_INDEX,spot,78581.0,,,,0,0,79055.38,79055.38,78285.74,78428.95
2026-08-05T15:38:49.322,INDIAVIX,NSE_INDEX,spot,12.03,,,,0,0,12.19,12.67,10.81,12.19
2026-08-05T15:38:49.874,NIFTY25AUG26FUT,NFO,future,24640.0,24640.0,24643.5,3.5,2943720,12365795,24715.0,24740.0,24565.0,24555.6
2026-08-05T15:38:50.421,SENSEX27AUG26FUT,BFO,future,78820.0,78803.0,78820.0,17.0,24200,36160,78932.0,79211.3,78612.9,78652.85
2026-08-05T15:38:50.969,NIFTY,NSE_INDEX,spot,24624.65,,,,0,0,24669.2,24677.6,24497.95,24614.9
2026-08-05T15:38:51.524,SENSEX,BSE_INDEX,spot,78581.0,,,,0,0,79055.38,79055.38,78285.74,78428.95
2026-08-05T15:38:52.073,INDIAVIX,NSE_INDEX,spot,12.04,,,,0,0,12.19,12.67,10.81,12.19
2026-08-05T15:38:52.624,NIFTY25AUG26FUT,NFO,future,24643.3,24643.3,24643.5,0.2,2944240,12365795,24715.0,24740.0,24565.0,24555.6
2026-08-05T15:38:53.174,SENSEX27AUG26FUT,BFO,future,78820.0,78803.0,78820.0,17.0,24200,36160,78932.0,79211.3,78612.9,78652.85
2026-08-05T15:38:53.720,NIFTY,NSE_INDEX,spot,24624.65,,,,0,0,24669.2,24677.6,24497.95,24614.9
2026-08-05T15:38:54.274,SENSEX,BSE_INDEX,spot,78581.0,,,,0,0,79055.38,79055.38,78285.74,78428.95
2026-08-05T15:38:54.840,INDIAVIX,NSE_INDEX,spot,12.09,,,,0,0,12.19,12.67,10.81,12.19
2026-08-05T15:38:55.463,NIFTY25AUG26FUT,NFO,future,24640.0,24640.0,24643.4,3.4,2944305,12365795,24715.0,24740.0,24565.0,24555.6
2026-08-05T15:38:55.978,SENSEX27AUG26FUT,BFO,future,78820.0,78803.0,78820.0,17.0,24200,36160,78932.0,79211.3,78612.9,78652.85
2026-08-05T15:38:56.468,NIFTY,NSE_INDEX,spot,24624.65,,,,0,0,24669.2,24677.6,24497.95,24614.9
2026-08-05T15:38:57.018,SENSEX,BSE_INDEX,spot,78581.0,,,,0,0,79055.38,79055.38,78285.74,78428.95
2026-08-05T15:38:57.568,INDIAVIX,NSE_INDEX,spot,12.1,,,,0,0,12.19,12.67,10.81,12.19
2026-08-05T15:38:58.137,NIFTY25AUG26FUT,NFO,future,24636.0,24635.3,24643.4,8.1,2945215,12365795,24715.0,24740.0,24565.0,24555.6
2026-08-05T15:38:58.669,SENSEX27AUG26FUT,BFO,future,78820.0,78803.0,78820.0,17.0,24200,36160,78932.0,79211.3,78612.9,78652.85
2026-08-05T15:38:59.220,NIFTY,NSE_INDEX,spot,24624.65,,,,0,0,24669.2,24677.6,24497.95,24614.9
2026-08-05T15:38:59.771,SENSEX,BSE_INDEX,spot,78581.0,,,,0,0,79055.38,79055.38,78285.74,78428.95
2026-08-05T15:39:00.318,INDIAVIX,NSE_INDEX,spot,12.1,,,,0,0,12.19,12.67,10.81,12.19
2026-08-05T15:39:00.876,NIFTY25AUG26FUT,NFO,future,24636.0,24635.3,24643.4,8.1,2945215,12365795,24715.0,24740.0,24565.0,24555.6
2026-08-05T15:39:01.423,SENSEX27AUG26FUT,BFO,future,78820.0,78803.0,78820.0,17.0,24200,36160,78932.0,79211.3,78612.9,78652.85
2026-08-05T15:39:01.968,NIFTY,NSE_INDEX,spot,24624.65,,,,0,0,24669.2,24677.6,24497.95,24614.9
2026-08-05T15:39:02.531,SENSEX,BSE_INDEX,spot,78581.0,,,,0,0,79055.38,79055.38,78285.74,78428.95
2026-08-05T15:39:03.068,INDIAVIX,NSE_INDEX,spot,12.1,,,,0,0,12.19,12.67,10.81,12.19
2026-08-05T15:39:03.622,NIFTY25AUG26FUT,NFO,future,24636.0,24636.7,24643.4,6.7,2945215,12365795,24715.0,24740.0,24565.0,24555.6
2026-08-05T15:39:04.169,SENSEX27AUG26FUT,BFO,future,78820.0,78803.0,78820.0,17.0,24200,36160,78932.0,79211.3,78612.9,78652.85
2026-08-05T15:39:04.720,NIFTY,NSE_INDEX,spot,24624.65,,,,0,0,24669.2,24677.6,24497.95,24614.9
2026-08-05T15:39:05.271,SENSEX,BSE_INDEX,spot,78581.0,,,,0,0,79055.38,79055.38,78285.74,78428.95
2026-08-05T15:39:05.834,INDIAVIX,NSE_INDEX,spot,12.1,,,,0,0,12.19,12.67,10.81,12.19
2026-08-05T15:39:06.386,NIFTY25AUG26FUT,NFO,future,24636.0,24636.7,24643.2,6.5,2945215,12365795,24715.0,24740.0,24565.0,24555.6
2026-08-05T15:39:06.921,SENSEX27AUG26FUT,BFO,future,78820.0,78803.0,78820.0,17.0,24200,36160,78932.0,79211.3,78612.9,78652.85
2026-08-05T15:39:07.492,NIFTY,NSE_INDEX,spot,24624.65,,,,0,0,24669.2,24677.6,24497.95,24614.9
2026-08-05T15:39:08.019,SENSEX,BSE_INDEX,spot,78581.0,,,,0,0,79055.38,79055.38,78285.74,78428.95
2026-08-05T15:39:08.578,INDIAVIX,NSE_INDEX,spot,12.1,,,,0,0,12.19,12.67,10.81,12.19
2026-08-05T15:39:09.124,NIFTY25AUG26FUT,NFO,future,24643.9,24636.7,24644.0,7.3,2946515,12365795,24715.0,24740.0,24565.0,24555.6
2026-08-05T15:39:09.690,SENSEX27AUG26FUT,BFO,future,78820.0,78803.0,78820.0,17.0,24200,36160,78932.0,79211.3,78612.9,78652.85
2026-08-05T15:39:10.219,NIFTY,NSE_INDEX,spot,24624.65,,,,0,0,24669.2,24677.6,24497.95,24614.9
2026-08-05T15:39:10.793,SENSEX,BSE_INDEX,spot,78581.0,,,,0,0,79055.38,79055.38,78285.74,78428.95
2026-08-05T15:39:11.318,INDIAVIX,NSE_INDEX,spot,12.08,,,,0,0,12.19,12.67,10.81,12.19
2026-08-05T15:39:11.871,NIFTY25AUG26FUT,NFO,future,24644.4,24636.7,24644.6,7.9,2946580,12365795,24715.0,24740.0,24565.0,24555.6
2026-08-05T15:39:12.421,SENSEX27AUG26FUT,BFO,future,78820.0,78803.0,78820.0,17.0,24200,36160,78932.0,79211.3,78612.9,78652.85
2026-08-05T15:39:12.973,NIFTY,NSE_INDEX,spot,24624.65,,,,0,0,24669.2,24677.6,24497.95,24614.9
2026-08-05T15:39:13.529,SENSEX,BSE_INDEX,spot,78581.0,,,,0,0,79055.38,79055.38,78285.74,78428.95
2026-08-05T15:39:14.076,INDIAVIX,NSE_INDEX,spot,12.08,,,,0,0,12.19,12.67,10.81,12.19
2026-08-05T15:39:14.618,NIFTY25AUG26FUT,NFO,future,24636.7,24636.7,24640.0,3.3,2946905,12365795,24715.0,24740.0,24565.0,24555.6
2026-08-05T15:39:15.171,SENSEX27AUG26FUT,BFO,future,78779.2,78772.35,78821.15,48.8,24240,36160,78932.0,79211.3,78612.9,78652.85
2026-08-05T15:39:15.729,NIFTY,NSE_INDEX,spot,24624.65,,,,0,0,24669.2,24677.6,24497.95,24614.9
2026-08-05T15:39:16.272,SENSEX,BSE_INDEX,spot,78581.0,,,,0,0,79055.38,79055.38,78285.74,78428.95
2026-08-05T15:39:16.821,INDIAVIX,NSE_INDEX,spot,12.08,,,,0,0,12.19,12.67,10.81,12.19
2026-08-05T15:39:17.367,NIFTY25AUG26FUT,NFO,future,24636.7,24637.1,24640.0,2.9,2946905,12365795,24715.0,24740.0,24565.0,24555.6
2026-08-05T15:39:17.920,SENSEX27AUG26FUT,BFO,future,78779.2,78778.9,78820.0,41.1,24240,36160,78932.0,79211.3,78612.9,78652.85
2026-08-05T15:39:18.469,NIFTY,NSE_INDEX,spot,24624.65,,,,0,0,24669.2,24677.6,24497.95,24614.9
2026-08-05T15:39:19.018,SENSEX,BSE_INDEX,spot,78581.0,,,,0,0,79055.38,79055.38,78285.74,78428.95
2026-08-05T15:39:19.568,INDIAVIX,NSE_INDEX,spot,12.08,,,,0,0,12.19,12.67,10.81,12.19
2026-08-05T15:39:20.128,NIFTY25AUG26FUT,NFO,future,24637.1,24637.1,24640.0,2.9,2946970,12365795,24715.0,24740.0,24565.0,24555.6
2026-08-05T15:39:20.669,SENSEX27AUG26FUT,BFO,future,78818.7,78775.25,78819.55,44.3,24260,36160,78932.0,79211.3,78612.9,78652.85
2026-08-05T15:39:21.226,NIFTY,NSE_INDEX,spot,24624.65,,,,0,0,24669.2,24677.6,24497.95,24614.9
2026-08-05T15:39:21.772,SENSEX,BSE_INDEX,spot,78581.0,,,,0,0,79055.38,79055.38,78285.74,78428.95
2026-08-05T15:39:22.321,INDIAVIX,NSE_INDEX,spot,12.07,,,,0,0,12.19,12.67,10.81,12.19
2026-08-05T15:39:22.879,NIFTY25AUG26FUT,NFO,future,24637.1,24637.1,24639.9,2.8,2946970,12365795,24715.0,24740.0,24565.0,24555.6
2026-08-05T15:39:23.424,SENSEX27AUG26FUT,BFO,future,78818.7,78778.05,78820.0,41.95,24260,36160,78932.0,79211.3,78612.9,78652.85
2026-08-05T15:39:23.966,NIFTY,NSE_INDEX,spot,24624.65,,,,0,0,24669.2,24677.6,24497.95,24614.9
2026-08-05T15:39:24.529,SENSEX,BSE_INDEX,spot,78581.0,,,,0,0,79055.38,79055.38,78285.74,78428.95
2026-08-05T15:39:25.067,INDIAVIX,NSE_INDEX,spot,12.08,,,,0,0,12.19,12.67,10.81,12.19
2026-08-05T15:39:25.620,NIFTY25AUG26FUT,NFO,future,24638.0,24637.1,24639.9,2.8,2947360,12365795,24715.0,24740.0,24565.0,24555.6
2026-08-05T15:39:26.169,SENSEX27AUG26FUT,BFO,future,78818.7,78777.55,78819.45,41.9,24260,36160,78932.0,79211.3,78612.9,78652.85
2026-08-05T15:39:26.718,NIFTY,NSE_INDEX,spot,24624.65,,,,0,0,24669.2,24677.6,24497.95,24614.9
2026-08-05T15:39:27.269,SENSEX,BSE_INDEX,spot,78581.0,,,,0,0,79055.38,79055.38,78285.74,78428.95
2026-08-05T15:39:27.817,INDIAVIX,NSE_INDEX,spot,12.09,,,,0,0,12.19,12.67,10.81,12.19
2026-08-05T15:39:28.435,NIFTY25AUG26FUT,NFO,future,24637.1,24637.0,24639.9,2.9,2947425,12365795,24715.0,24740.0,24565.0,24555.6
2026-08-05T15:39:28.949,SENSEX27AUG26FUT,BFO,future,78818.7,78778.95,78819.15,40.2,24260,36160,78932.0,79211.3,78612.9,78652.85
2026-08-05T15:39:29.490,NIFTY,NSE_INDEX,spot,24624.65,,,,0,0,24669.2,24677.6,24497.95,24614.9
2026-08-05T15:39:30.017,SENSEX,BSE_INDEX,spot,78581.0,,,,0,0,79055.38,79055.38,78285.74,78428.95
2026-08-05T15:39:30.602,INDIAVIX,NSE_INDEX,spot,12.09,,,,0,0,12.19,12.67,10.81,12.19
2026-08-05T15:39:31.140,NIFTY25AUG26FUT,NFO,future,24639.8,24637.0,24639.9,2.9,2947815,12365795,24715.0,24740.0,24565.0,24555.6
2026-08-05T15:39:31.668,SENSEX27AUG26FUT,BFO,future,78818.7,78777.05,78820.0,42.95,24260,36160,78932.0,79211.3,78612.9,78652.85
2026-08-05T15:39:32.234,NIFTY,NSE_INDEX,spot,24624.65,,,,0,0,24669.2,24677.6,24497.95,24614.9
2026-08-05T15:39:32.846,SENSEX,BSE_INDEX,spot,78581.0,,,,0,0,79055.38,79055.38,78285.74,78428.95
2026-08-05T15:39:33.317,INDIAVIX,NSE_INDEX,spot,12.1,,,,0,0,12.19,12.67,10.81,12.19
2026-08-05T15:39:33.876,NIFTY25AUG26FUT,NFO,future,24639.9,24639.9,24640.0,0.1,2948465,12365795,24715.0,24740.0,24565.0,24555.6
2026-08-05T15:39:34.422,SENSEX27AUG26FUT,BFO,future,78818.7,78774.25,78820.0,45.75,24260,36160,78932.0,79211.3,78612.9,78652.85
2026-08-05T15:39:35.016,NIFTY,NSE_INDEX,spot,24624.65,,,,0,0,24669.2,24677.6,24497.95,24614.9
2026-08-05T15:39:35.517,SENSEX,BSE_INDEX,spot,78581.0,,,,0,0,79055.38,79055.38,78285.74,78428.95
2026-08-05T15:39:36.148,INDIAVIX,NSE_INDEX,spot,12.1,,,,0,0,12.19,12.67,10.81,12.19
2026-08-05T15:39:36.630,NIFTY25AUG26FUT,NFO,future,24636.7,24636.7,24639.0,2.3,2948920,12365795,24715.0,24740.0,24565.0,24555.6
2026-08-05T15:39:37.166,SENSEX27AUG26FUT,BFO,future,78818.7,78768.05,78816.4,48.35,24260,36160,78932.0,79211.3,78612.9,78652.85
2026-08-05T15:39:37.758,NIFTY,NSE_INDEX,spot,24624.65,,,,0,0,24669.2,24677.6,24497.95,24614.9
2026-08-05T15:39:38.273,SENSEX,BSE_INDEX,spot,78581.0,,,,0,0,79055.38,79055.38,78285.74,78428.95
2026-08-05T15:39:38.816,INDIAVIX,NSE_INDEX,spot,12.11,,,,0,0,12.19,12.67,10.81,12.19
2026-08-05T15:39:39.372,NIFTY25AUG26FUT,NFO,future,24639.0,24636.7,24639.0,2.3,2949050,12365795,24715.0,24740.0,24565.0,24555.6
2026-08-05T15:39:39.918,SENSEX27AUG26FUT,BFO,future,78818.7,78771.6,78818.65,47.05,24260,36180,78932.0,79211.3,78612.9,78652.85
2026-08-05T15:39:40.511,NIFTY,NSE_INDEX,spot,24624.65,,,,0,0,24669.2,24677.6,24497.95,24614.9
2026-08-05T15:39:41.036,SENSEX,BSE_INDEX,spot,78581.0,,,,0,0,79055.38,79055.38,78285.74,78428.95
2026-08-05T15:39:41.583,INDIAVIX,NSE_INDEX,spot,12.1,,,,0,0,12.19,12.67,10.81,12.19
2026-08-05T15:39:42.134,NIFTY25AUG26FUT,NFO,future,24639.0,24636.7,24640.0,3.3,2949180,12365795,24715.0,24740.0,24565.0,24555.6
2026-08-05T15:39:42.712,SENSEX27AUG26FUT,BFO,future,78818.7,78774.8,78820.0,45.2,24260,36180,78932.0,79211.3,78612.9,78652.85
2026-08-05T15:39:43.218,NIFTY,NSE_INDEX,spot,24624.65,,,,0,0,24669.2,24677.6,24497.95,24614.9
2026-08-05T15:39:43.807,SENSEX,BSE_INDEX,spot,78581.0,,,,0,0,79055.38,79055.38,78285.74,78428.95
2026-08-05T15:39:44.324,INDIAVIX,NSE_INDEX,spot,12.1,,,,0,0,12.19,12.67,10.81,12.19
2026-08-05T15:39:44.869,NIFTY25AUG26FUT,NFO,future,24640.0,24637.0,24640.0,3.0,2949245,12365795,24715.0,24740.0,24565.0,24555.6
2026-08-05T15:39:45.423,SENSEX27AUG26FUT,BFO,future,78818.7,78774.35,78820.0,45.65,24260,36180,78932.0,79211.3,78612.9,78652.85
2026-08-05T15:39:45.969,NIFTY,NSE_INDEX,spot,24624.65,,,,0,0,24669.2,24677.6,24497.95,24614.9
2026-08-05T15:39:46.538,SENSEX,BSE_INDEX,spot,78581.0,,,,0,0,79055.38,79055.38,78285.74,78428.95
2026-08-05T15:39:47.080,INDIAVIX,NSE_INDEX,spot,12.11,,,,0,0,12.19,12.67,10.81,12.19
2026-08-05T15:39:47.627,NIFTY25AUG26FUT,NFO,future,24643.0,24637.0,24643.0,6.0,2949895,12362545,24715.0,24740.0,24565.0,24555.6
2026-08-05T15:39:48.167,SENSEX27AUG26FUT,BFO,future,78818.7,78769.1,78819.4,50.3,24260,36180,78932.0,79211.3,78612.9,78652.85
2026-08-05T15:39:48.722,NIFTY,NSE_INDEX,spot,24624.65,,,,0,0,24669.2,24677.6,24497.95,24614.9
2026-08-05T15:39:49.270,SENSEX,BSE_INDEX,spot,78581.0,,,,0,0,79055.38,79055.38,78285.74,78428.95
2026-08-05T15:39:49.819,INDIAVIX,NSE_INDEX,spot,12.1,,,,0,0,12.19,12.67,10.81,12.19
2026-08-05T15:39:50.385,NIFTY25AUG26FUT,NFO,future,24637.0,24636.8,24637.0,0.2,2950090,12362545,24715.0,24740.0,24565.0,24555.6
2026-08-05T15:39:50.927,SENSEX27AUG26FUT,BFO,future,78818.7,78767.4,78819.35,51.95,24260,36180,78932.0,79211.3,78612.9,78652.85
2026-08-05T15:39:51.484,NIFTY,NSE_INDEX,spot,24624.65,,,,0,0,24669.2,24677.6,24497.95,24614.9
2026-08-05T15:39:52.051,SENSEX,BSE_INDEX,spot,78581.0,,,,0,0,79055.38,79055.38,78285.74,78428.95
2026-08-05T15:39:52.606,INDIAVIX,NSE_INDEX,spot,12.1,,,,0,0,12.19,12.67,10.81,12.19
2026-08-05T15:39:53.146,NIFTY25AUG26FUT,NFO,future,24636.8,24636.8,24637.0,0.2,2950155,12362545,24715.0,24740.0,24565.0,24555.6
2026-08-05T15:39:53.701,SENSEX27AUG26FUT,BFO,future,78820.0,78774.65,78821.1,46.45,24280,36180,78932.0,79211.3,78612.9,78652.85
2026-08-05T15:39:54.291,NIFTY,NSE_INDEX,spot,24624.65,,,,0,0,24669.2,24677.6,24497.95,24614.9
2026-08-05T15:39:54.768,SENSEX,BSE_INDEX,spot,78581.0,,,,0,0,79055.38,79055.38,78285.74,78428.95
2026-08-05T15:39:55.323,INDIAVIX,NSE_INDEX,spot,12.11,,,,0,0,12.19,12.67,10.81,12.19
2026-08-05T15:39:55.867,NIFTY25AUG26FUT,NFO,future,24636.7,24636.7,24637.0,0.3,2950350,12362545,24715.0,24740.0,24565.0,24555.6
2026-08-05T15:39:56.420,SENSEX27AUG26FUT,BFO,future,78820.0,78766.25,78833.25,67.0,24280,36180,78932.0,79211.3,78612.9,78652.85
2026-08-05T15:39:56.989,NIFTY,NSE_INDEX,spot,24624.65,,,,0,0,24669.2,24677.6,24497.95,24614.9
2026-08-05T15:39:57.518,SENSEX,BSE_INDEX,spot,78581.0,,,,0,0,79055.38,79055.38,78285.74,78428.95
2026-08-05T15:39:58.078,INDIAVIX,NSE_INDEX,spot,12.08,,,,0,0,12.19,12.67,10.81,12.19
2026-08-05T15:39:58.732,NIFTY25AUG26FUT,NFO,future,24637.0,24636.7,24636.8,0.1,2950545,12362545,24715.0,24740.0,24565.0,24555.6
2026-08-05T15:39:59.277,SENSEX27AUG26FUT,BFO,future,78820.0,78769.7,78836.65,66.95,24280,36180,78932.0,79211.3,78612.9,78652.85
2026-08-05T15:39:59.734,NIFTY,NSE_INDEX,spot,24624.65,,,,0,0,24669.2,24677.6,24497.95,24614.9
2026-08-05T15:40:00.273,SENSEX,BSE_INDEX,spot,78581.0,,,,0,0,79055.38,79055.38,78285.74,78428.95
2026-08-05T15:40:00.821,INDIAVIX,NSE_INDEX,spot,12.09,,,,0,0,12.19,12.67,10.81,12.19
2026-08-05T15:40:01.378,NIFTY25AUG26FUT,NFO,future,24637.0,24636.7,24637.0,0.3,2950675,12362545,24715.0,24740.0,24565.0,24555.6
2026-08-05T15:40:01.925,SENSEX27AUG26FUT,BFO,future,78820.0,78767.85,78832.95,65.1,24280,36180,78932.0,79211.3,78612.9,78652.85
2026-08-05T15:40:02.467,NIFTY,NSE_INDEX,spot,24624.65,,,,0,0,24669.2,24677.6,24497.95,24614.9
2026-08-05T15:40:03.018,SENSEX,BSE_INDEX,spot,78581.0,,,,0,0,79055.38,79055.38,78285.74,78428.95
2026-08-05T15:40:03.572,INDIAVIX,NSE_INDEX,spot,12.09,,,,0,0,12.19,12.67,10.81,12.19
2026-08-05T15:40:04.127,NIFTY25AUG26FUT,NFO,future,24637.0,24636.7,24637.0,0.3,2950675,12362545,24715.0,24740.0,24565.0,24555.6
2026-08-05T15:40:04.670,SENSEX27AUG26FUT,BFO,future,78820.0,78767.85,78832.95,65.1,24280,36180,78932.0,79211.3,78612.9,78652.85
2026-08-05T15:40:05.219,NIFTY,NSE_INDEX,spot,24624.65,,,,0,0,24669.2,24677.6,24497.95,24614.9
2026-08-05T15:40:05.809,SENSEX,BSE_INDEX,spot,78581.0,,,,0,0,79055.38,79055.38,78285.74,78428.95
2026-08-05T15:40:06.320,INDIAVIX,NSE_INDEX,spot,12.09,,,,0,0,12.19,12.67,10.81,12.19
2026-08-05T15:40:06.869,NIFTY25AUG26FUT,NFO,future,24637.0,24636.7,24637.0,0.3,2950675,12362545,24715.0,24740.0,24565.0,24555.6
2026-08-05T15:40:07.419,SENSEX27AUG26FUT,BFO,future,78820.0,78767.85,78832.95,65.1,24280,36180,78932.0,79211.3,78612.9,78652.85
2026-08-05T15:40:07.968,NIFTY,NSE_INDEX,spot,24624.65,,,,0,0,24669.2,24677.6,24497.95,24614.9
2026-08-05T15:40:08.522,SENSEX,BSE_INDEX,spot,78581.0,,,,0,0,79055.38,79055.38,78285.74,78428.95
2026-08-05T15:40:09.071,INDIAVIX,NSE_INDEX,spot,12.09,,,,0,0,12.19,12.67,10.81,12.19
2026-08-05T15:40:09.622,NIFTY25AUG26FUT,NFO,future,24637.0,24636.7,24637.0,0.3,2950675,12362545,24715.0,24740.0,24565.0,24555.6
2026-08-05T15:40:10.168,SENSEX27AUG26FUT,BFO,future,78820.0,78767.85,78832.95,65.1,24280,36180,78932.0,79211.3,78612.9,78652.85
2026-08-05T15:40:10.721,NIFTY,NSE_INDEX,spot,24624.65,,,,0,0,24669.2,24677.6,24497.95,24614.9
2026-08-05T15:40:11.271,SENSEX,BSE_INDEX,spot,78581.0,,,,0,0,79055.38,79055.38,78285.74,78428.95
2026-08-05T15:40:11.818,INDIAVIX,NSE_INDEX,spot,12.09,,,,0,0,12.19,12.67,10.81,12.19
2026-08-05T15:40:12.376,NIFTY25AUG26FUT,NFO,future,24637.0,24636.7,24637.0,0.3,2950675,12362545,24715.0,24740.0,24565.0,24555.6
2026-08-05T15:40:12.941,SENSEX27AUG26FUT,BFO,future,78820.0,78767.85,78832.95,65.1,24280,36180,78932.0,79211.3,78612.9,78652.85
2026-08-05T15:40:13.508,NIFTY,NSE_INDEX,spot,24624.65,,,,0,0,24669.2,24677.6,24497.95,24614.9
2026-08-05T15:40:14.022,SENSEX,BSE_INDEX,spot,78581.0,,,,0,0,79055.38,79055.38,78285.74,78428.95
2026-08-05T15:40:14.569,INDIAVIX,NSE_INDEX,spot,12.09,,,,0,0,12.19,12.67,10.81,12.19
2026-08-05T15:40:15.138,NIFTY25AUG26FUT,NFO,future,24637.0,24636.7,24637.0,0.3,2950675,12362545,24715.0,24740.0,24565.0,24555.6
2026-08-05T15:40:15.678,SENSEX27AUG26FUT,BFO,future,78820.0,78767.85,78832.95,65.1,24280,36180,78932.0,79211.3,78612.9,78652.85
2026-08-05T15:40:16.230,NIFTY,NSE_INDEX,spot,24624.65,,,,0,0,24669.2,24677.6,24497.95,24614.9
2026-08-05T15:40:16.774,SENSEX,BSE_INDEX,spot,78581.0,,,,0,0,79055.38,79055.38,78285.74,78428.95
2026-08-05T15:40:17.412,INDIAVIX,NSE_INDEX,spot,12.09,,,,0,0,12.19,12.67,10.81,12.19
2026-08-05T15:40:17.870,NIFTY25AUG26FUT,NFO,future,24637.0,24636.7,24637.0,0.3,2950675,12362545,24715.0,24740.0,24565.0,24555.6
2026-08-05T15:40:18.419,SENSEX27AUG26FUT,BFO,future,78820.0,78767.85,78832.95,65.1,24280,36180,78932.0,79211.3,78612.9,78652.85
2026-08-05T15:40:18.968,NIFTY,NSE_INDEX,spot,24624.65,,,,0,0,24669.2,24677.6,24497.95,24614.9
2026-08-05T15:40:19.517,SENSEX,BSE_INDEX,spot,78581.0,,,,0,0,79055.38,79055.38,78285.74,78428.95
2026-08-05T15:40:20.070,INDIAVIX,NSE_INDEX,spot,12.09,,,,0,0,12.19,12.67,10.81,12.19
2026-08-05T15:40:20.620,NIFTY25AUG26FUT,NFO,future,24637.0,24636.7,24637.0,0.3,2950675,12362545,24715.0,24740.0,24565.0,24555.6
2026-08-05T15:40:21.168,SENSEX27AUG26FUT,BFO,future,78820.0,78767.85,78832.95,65.1,24280,36180,78932.0,79211.3,78612.9,78652.85
2026-08-05T15:40:21.717,NIFTY,NSE_INDEX,spot,24624.65,,,,0,0,24669.2,24677.6,24497.95,24614.9
2026-08-05T15:40:22.270,SENSEX,BSE_INDEX,spot,78581.0,,,,0,0,79055.38,79055.38,78285.74,78428.95
2026-08-05T15:40:22.818,INDIAVIX,NSE_INDEX,spot,12.09,,,,0,0,12.19,12.67,10.81,12.19
2026-08-05T15:40:23.367,NIFTY25AUG26FUT,NFO,future,24637.0,24636.7,24637.0,0.3,2950675,12362545,24715.0,24740.0,24565.0,24555.6
2026-08-05T15:40:23.931,SENSEX27AUG26FUT,BFO,future,78820.0,78767.85,78832.95,65.1,24280,36180,78932.0,79211.3,78612.9,78652.85
2026-08-05T15:40:24.470,NIFTY,NSE_INDEX,spot,24624.65,,,,0,0,24669.2,24677.6,24497.95,24614.9
2026-08-05T15:40:25.022,SENSEX,BSE_INDEX,spot,78581.0,,,,0,0,79055.38,79055.38,78285.74,78428.95
2026-08-05T15:40:25.574,INDIAVIX,NSE_INDEX,spot,12.09,,,,0,0,12.19,12.67,10.81,12.19
2026-08-05T15:40:26.119,NIFTY25AUG26FUT,NFO,future,24637.0,24636.7,24637.0,0.3,2950675,12362545,24715.0,24740.0,24565.0,24555.6
2026-08-05T15:40:26.669,SENSEX27AUG26FUT,BFO,future,78820.0,78767.85,78832.95,65.1,24280,36180,78932.0,79211.3,78612.9,78652.85
2026-08-05T15:40:27.223,NIFTY,NSE_INDEX,spot,24624.65,,,,0,0,24669.2,24677.6,24497.95,24614.9
2026-08-05T15:40:27.767,SENSEX,BSE_INDEX,spot,78581.0,,,,0,0,79055.38,79055.38,78285.74,78428.95
2026-08-05T15:40:28.317,INDIAVIX,NSE_INDEX,spot,12.09,,,,0,0,12.19,12.67,10.81,12.19
2026-08-05T15:40:28.870,NIFTY25AUG26FUT,NFO,future,24637.0,24636.7,24637.0,0.3,2950675,12362545,24715.0,24740.0,24565.0,24555.6
2026-08-05T15:40:29.418,SENSEX27AUG26FUT,BFO,future,78820.0,78767.85,78832.95,65.1,24280,36180,78932.0,79211.3,78612.9,78652.85
2026-08-05T15:40:29.969,NIFTY,NSE_INDEX,spot,24624.65,,,,0,0,24669.2,24677.6,24497.95,24614.9
2026-08-05T15:40:30.525,SENSEX,BSE_INDEX,spot,78581.0,,,,0,0,79055.38,79055.38,78285.74,78428.95
2026-08-05T15:40:31.068,INDIAVIX,NSE_INDEX,spot,12.09,,,,0,0,12.19,12.67,10.81,12.19
2026-08-05T15:40:31.618,NIFTY25AUG26FUT,NFO,future,24637.0,24636.7,24637.0,0.3,2950675,12362545,24715.0,24740.0,24565.0,24555.6
2026-08-05T15:40:32.172,SENSEX27AUG26FUT,BFO,future,78820.0,78767.85,78832.95,65.1,24280,36180,78932.0,79211.3,78612.9,78652.85
2026-08-05T15:40:32.727,NIFTY,NSE_INDEX,spot,24624.65,,,,0,0,24669.2,24677.6,24497.95,24614.9
2026-08-05T15:40:33.269,SENSEX,BSE_INDEX,spot,78581.0,,,,0,0,79055.38,79055.38,78285.74,78428.95
2026-08-05T15:40:33.818,INDIAVIX,NSE_INDEX,spot,12.09,,,,0,0,12.19,12.67,10.81,12.19
2026-08-05T15:40:34.371,NIFTY25AUG26FUT,NFO,future,24637.0,24636.7,24637.0,0.3,2950675,12362545,24715.0,24740.0,24565.0,24555.6
2026-08-05T15:40:34.920,SENSEX27AUG26FUT,BFO,future,78820.0,78767.85,78832.95,65.1,24280,36180,78932.0,79211.3,78612.9,78652.85
2026-08-05T15:40:35.474,NIFTY,NSE_INDEX,spot,24624.65,,,,0,0,24669.2,24677.6,24497.95,24614.9
2026-08-05T15:40:36.063,SENSEX,BSE_INDEX,spot,78581.0,,,,0,0,79055.38,79055.38,78285.74,78428.95
2026-08-05T15:40:36.567,INDIAVIX,NSE_INDEX,spot,12.09,,,,0,0,12.19,12.67,10.81,12.19
2026-08-05T15:40:37.133,NIFTY25AUG26FUT,NFO,future,24637.0,24636.7,24637.0,0.3,2950675,12362545,24715.0,24740.0,24565.0,24555.6
2026-08-05T15:40:37.669,SENSEX27AUG26FUT,BFO,future,78820.0,78767.85,78832.95,65.1,24280,36180,78932.0,79211.3,78612.9,78652.85
2026-08-05T15:40:38.219,NIFTY,NSE_INDEX,spot,24624.65,,,,0,0,24669.2,24677.6,24497.95,24614.9
2026-08-05T15:40:38.771,SENSEX,BSE_INDEX,spot,78581.0,,,,0,0,79055.38,79055.38,78285.74,78428.95
2026-08-05T15:40:39.321,INDIAVIX,NSE_INDEX,spot,12.09,,,,0,0,12.19,12.67,10.81,12.19
2026-08-05T15:40:39.874,NIFTY25AUG26FUT,NFO,future,24637.0,24636.7,24637.0,0.3,2950675,12362545,24715.0,24740.0,24565.0,24555.6
2026-08-05T15:40:40.422,SENSEX27AUG26FUT,BFO,future,78820.0,78767.85,78832.95,65.1,24280,36180,78932.0,79211.3,78612.9,78652.85
2026-08-05T15:40:40.973,NIFTY,NSE_INDEX,spot,24624.65,,,,0,0,24669.2,24677.6,24497.95,24614.9
2026-08-05T15:40:41.523,SENSEX,BSE_INDEX,spot,78581.0,,,,0,0,79055.38,79055.38,78285.74,78428.95
2026-08-05T15:40:42.070,INDIAVIX,NSE_INDEX,spot,12.09,,,,0,0,12.19,12.67,10.81,12.19
2026-08-05T15:40:42.621,NIFTY25AUG26FUT,NFO,future,24637.0,24636.7,24637.0,0.3,2950675,12362545,24715.0,24740.0,24565.0,24555.6
2026-08-05T15:40:43.169,SENSEX27AUG26FUT,BFO,future,78820.0,78767.85,78832.95,65.1,24280,36180,78932.0,79211.3,78612.9,78652.85
2026-08-05T15:40:43.721,NIFTY,NSE_INDEX,spot,24624.65,,,,0,0,24669.2,24677.6,24497.95,24614.9
2026-08-05T15:40:44.284,SENSEX,BSE_INDEX,spot,78581.0,,,,0,0,79055.38,79055.38,78285.74,78428.95
2026-08-05T15:40:44.819,INDIAVIX,NSE_INDEX,spot,12.09,,,,0,0,12.19,12.67,10.81,12.19
2026-08-05T15:40:45.369,NIFTY25AUG26FUT,NFO,future,24637.0,24636.7,24637.0,0.3,2950675,12362545,24715.0,24740.0,24565.0,24555.6
2026-08-05T15:40:45.919,SENSEX27AUG26FUT,BFO,future,78820.0,78767.85,78832.95,65.1,24280,36180,78932.0,79211.3,78612.9,78652.85
2026-08-05T15:40:46.477,NIFTY,NSE_INDEX,spot,24624.65,,,,0,0,24669.2,24677.6,24497.95,24614.9
2026-08-05T15:40:47.029,SENSEX,BSE_INDEX,spot,78581.0,,,,0,0,79055.38,79055.38,78285.74,78428.95
2026-08-05T15:40:47.604,INDIAVIX,NSE_INDEX,spot,12.09,,,,0,0,12.19,12.67,10.81,12.19
2026-08-05T15:40:48.180,NIFTY25AUG26FUT,NFO,future,24637.0,24636.7,24637.0,0.3,2950675,12362545,24715.0,24740.0,24565.0,24555.6
2026-08-05T15:40:48.669,SENSEX27AUG26FUT,BFO,future,78820.0,78767.85,78832.95,65.1,24280,36180,78932.0,79211.3,78612.9,78652.85
2026-08-05T15:40:49.219,NIFTY,NSE_INDEX,spot,24624.65,,,,0,0,24669.2,24677.6,24497.95,24614.9
2026-08-05T15:40:49.778,SENSEX,BSE_INDEX,spot,78581.0,,,,0,0,79055.38,79055.38,78285.74,78428.95
2026-08-05T15:40:50.322,INDIAVIX,NSE_INDEX,spot,12.09,,,,0,0,12.19,12.67,10.81,12.19
2026-08-05T15:40:50.868,NIFTY25AUG26FUT,NFO,future,24637.0,24636.7,24637.0,0.3,2950675,12362545,24715.0,24740.0,24565.0,24555.6
2026-08-05T15:40:51.418,SENSEX27AUG26FUT,BFO,future,78820.0,78767.85,78832.95,65.1,24280,36180,78932.0,79211.3,78612.9,78652.85
2026-08-05T15:40:51.970,NIFTY,NSE_INDEX,spot,24624.65,,,,0,0,24669.2,24677.6,24497.95,24614.9
2026-08-05T15:40:52.518,SENSEX,BSE_INDEX,spot,78581.0,,,,0,0,79055.38,79055.38,78285.74,78428.95
2026-08-05T15:40:53.069,INDIAVIX,NSE_INDEX,spot,12.09,,,,0,0,12.19,12.67,10.81,12.19
2026-08-05T15:40:53.625,NIFTY25AUG26FUT,NFO,future,24637.0,24636.7,24637.0,0.3,2950675,12362545,24715.0,24740.0,24565.0,24555.6
2026-08-05T15:40:54.204,SENSEX27AUG26FUT,BFO,future,78820.0,78767.85,78832.95,65.1,24280,36180,78932.0,79211.3,78612.9,78652.85
2026-08-05T15:40:54.717,NIFTY,NSE_INDEX,spot,24624.65,,,,0,0,24669.2,24677.6,24497.95,24614.9
2026-08-05T15:40:55.270,SENSEX,BSE_INDEX,spot,78581.0,,,,0,0,79055.38,79055.38,78285.74,78428.95
2026-08-05T15:40:55.820,INDIAVIX,NSE_INDEX,spot,12.09,,,,0,0,12.19,12.67,10.81,12.19
2026-08-05T15:40:56.451,NIFTY25AUG26FUT,NFO,future,24637.0,24636.7,24637.0,0.3,2950675,12362545,24715.0,24740.0,24565.0,24555.6
2026-08-05T15:40:56.919,SENSEX27AUG26FUT,BFO,future,78820.0,78767.85,78832.95,65.1,24280,36180,78932.0,79211.3,78612.9,78652.85
2026-08-05T15:40:57.478,NIFTY,NSE_INDEX,spot,24624.65,,,,0,0,24669.2,24677.6,24497.95,24614.9
2026-08-05T15:40:58.018,SENSEX,BSE_INDEX,spot,78581.0,,,,0,0,79055.38,79055.38,78285.74,78428.95
2026-08-05T15:40:58.567,INDIAVIX,NSE_INDEX,spot,12.09,,,,0,0,12.19,12.67,10.81,12.19
2026-08-05T15:40:59.119,NIFTY25AUG26FUT,NFO,future,24637.0,24636.7,24637.0,0.3,2950675,12362545,24715.0,24740.0,24565.0,24555.6
2026-08-05T15:40:59.700,SENSEX27AUG26FUT,BFO,future,78820.0,78767.85,78832.95,65.1,24280,36180,78932.0,79211.3,78612.9,78652.85
2026-08-05T15:41:00.223,NIFTY,NSE_INDEX,spot,24624.65,,,,0,0,24669.2,24677.6,24497.95,24614.9
2026-08-05T15:41:00.769,SENSEX,BSE_INDEX,spot,78581.0,,,,0,0,79055.38,79055.38,78285.74,78428.95
2026-08-05T15:41:01.388,INDIAVIX,NSE_INDEX,spot,12.09,,,,0,0,12.19,12.67,10.81,12.19
2026-08-05T15:41:02.053,NIFTY25AUG26FUT,NFO,future,24637.0,24636.7,24637.0,0.3,2950675,12362545,24715.0,24740.0,24565.0,24555.6
2026-08-05T15:41:02.418,SENSEX27AUG26FUT,BFO,future,78820.0,78767.85,78832.95,65.1,24280,36180,78932.0,79211.3,78612.9,78652.85
2026-08-05T15:41:02.976,NIFTY,NSE_INDEX,spot,24624.65,,,,0,0,24669.2,24677.6,24497.95,24614.9
2026-08-05T15:41:03.524,SENSEX,BSE_INDEX,spot,78581.0,,,,0,0,79055.38,79055.38,78285.74,78428.95
2026-08-05T15:41:04.084,INDIAVIX,NSE_INDEX,spot,12.09,,,,0,0,12.19,12.67,10.81,12.19
2026-08-05T15:41:04.620,NIFTY25AUG26FUT,NFO,future,24637.0,24636.7,24637.0,0.3,2950675,12362545,24715.0,24740.0,24565.0,24555.6
2026-08-05T15:41:05.174,SENSEX27AUG26FUT,BFO,future,78820.0,78767.85,78832.95,65.1,24280,36180,78932.0,79211.3,78612.9,78652.85
2026-08-05T15:41:05.739,NIFTY,NSE_INDEX,spot,24624.65,,,,0,0,24669.2,24677.6,24497.95,24614.9
2026-08-05T15:41:06.297,SENSEX,BSE_INDEX,spot,78581.0,,,,0,0,79055.38,79055.38,78285.74,78428.95
2026-08-05T15:41:06.831,INDIAVIX,NSE_INDEX,spot,12.09,,,,0,0,12.19,12.67,10.81,12.19
2026-08-05T15:41:07.368,NIFTY25AUG26FUT,NFO,future,24637.0,24636.7,24637.0,0.3,2950675,12362545,24715.0,24740.0,24565.0,24555.6
2026-08-05T15:41:07.916,SENSEX27AUG26FUT,BFO,future,78820.0,78767.85,78832.95,65.1,24280,36180,78932.0,79211.3,78612.9,78652.85
2026-08-05T15:41:08.522,NIFTY,NSE_INDEX,spot,24624.65,,,,0,0,24669.2,24677.6,24497.95,24614.9
2026-08-05T15:41:09.020,SENSEX,BSE_INDEX,spot,78581.0,,,,0,0,79055.38,79055.38,78285.74,78428.95
2026-08-05T15:41:09.568,INDIAVIX,NSE_INDEX,spot,12.09,,,,0,0,12.19,12.67,10.81,12.19
2026-08-05T15:41:10.115,NIFTY25AUG26FUT,NFO,future,24637.0,24636.7,24637.0,0.3,2950675,12362545,24715.0,24740.0,24565.0,24555.6
2026-08-05T15:41:10.668,SENSEX27AUG26FUT,BFO,future,78820.0,78767.85,78832.95,65.1,24280,36180,78932.0,79211.3,78612.9,78652.85
2026-08-05T15:41:11.246,NIFTY,NSE_INDEX,spot,24624.65,,,,0,0,24669.2,24677.6,24497.95,24614.9
2026-08-05T15:41:11.769,SENSEX,BSE_INDEX,spot,78581.0,,,,0,0,79055.38,79055.38,78285.74,78428.95
2026-08-05T15:41:12.323,INDIAVIX,NSE_INDEX,spot,12.09,,,,0,0,12.19,12.67,10.81,12.19
2026-08-05T15:41:12.911,NIFTY25AUG26FUT,NFO,future,24637.0,24636.7,24637.0,0.3,2950675,12362545,24715.0,24740.0,24565.0,24555.6
2026-08-05T15:41:13.423,SENSEX27AUG26FUT,BFO,future,78820.0,78767.85,78832.95,65.1,24280,36180,78932.0,79211.3,78612.9,78652.85
2026-08-05T15:41:14.008,NIFTY,NSE_INDEX,spot,24624.65,,,,0,0,24669.2,24677.6,24497.95,24614.9
2026-08-05T15:41:14.531,SENSEX,BSE_INDEX,spot,78581.0,,,,0,0,79055.38,79055.38,78285.74,78428.95
2026-08-05T15:41:15.069,INDIAVIX,NSE_INDEX,spot,12.09,,,,0,0,12.19,12.67,10.81,12.19
2026-08-05T15:41:15.640,NIFTY25AUG26FUT,NFO,future,24637.0,24636.7,24637.0,0.3,2950675,12362545,24715.0,24740.0,24565.0,24555.6
2026-08-05T15:41:16.183,SENSEX27AUG26FUT,BFO,future,78820.0,78767.85,78832.95,65.1,24280,36180,78932.0,79211.3,78612.9,78652.85
2026-08-05T15:41:16.724,NIFTY,NSE_INDEX,spot,24624.65,,,,0,0,24669.2,24677.6,24497.95,24614.9
2026-08-05T15:41:17.274,SENSEX,BSE_INDEX,spot,78581.0,,,,0,0,79055.38,79055.38,78285.74,78428.95
2026-08-05T15:41:17.817,INDIAVIX,NSE_INDEX,spot,12.09,,,,0,0,12.19,12.67,10.81,12.19
2026-08-05T15:41:18.369,NIFTY25AUG26FUT,NFO,future,24637.0,24636.7,24637.0,0.3,2950675,12362545,24715.0,24740.0,24565.0,24555.6
2026-08-05T15:41:18.922,SENSEX27AUG26FUT,BFO,future,78820.0,78767.85,78832.95,65.1,24280,36180,78932.0,79211.3,78612.9,78652.85
2026-08-05T15:41:19.504,NIFTY,NSE_INDEX,spot,24624.65,,,,0,0,24669.2,24677.6,24497.95,24614.9
2026-08-05T15:41:20.024,SENSEX,BSE_INDEX,spot,78581.0,,,,0,0,79055.38,79055.38,78285.74,78428.95
2026-08-05T15:41:20.574,INDIAVIX,NSE_INDEX,spot,12.09,,,,0,0,12.19,12.67,10.81,12.19
2026-08-05T15:41:21.155,NIFTY25AUG26FUT,NFO,future,24637.0,24636.7,24637.0,0.3,2950675,12362545,24715.0,24740.0,24565.0,24555.6
2026-08-05T15:41:21.688,SENSEX27AUG26FUT,BFO,future,78820.0,78767.85,78832.95,65.1,24280,36180,78932.0,79211.3,78612.9,78652.85
2026-08-05T15:41:22.217,NIFTY,NSE_INDEX,spot,24624.65,,,,0,0,24669.2,24677.6,24497.95,24614.9
2026-08-05T15:41:22.769,SENSEX,BSE_INDEX,spot,78581.0,,,,0,0,79055.38,79055.38,78285.74,78428.95
2026-08-05T15:41:23.318,INDIAVIX,NSE_INDEX,spot,12.09,,,,0,0,12.19,12.67,10.81,12.19
2026-08-05T15:41:23.874,NIFTY25AUG26FUT,NFO,future,24637.0,24636.7,24637.0,0.3,2950675,12362545,24715.0,24740.0,24565.0,24555.6
2026-08-05T15:41:24.421,SENSEX27AUG26FUT,BFO,future,78820.0,78767.85,78832.95,65.1,24280,36180,78932.0,79211.3,78612.9,78652.85
2026-08-05T15:41:25.030,NIFTY,NSE_INDEX,spot,24624.65,,,,0,0,24669.2,24677.6,24497.95,24614.9
2026-08-05T15:41:25.517,SENSEX,BSE_INDEX,spot,78581.0,,,,0,0,79055.38,79055.38,78285.74,78428.95
2026-08-05T15:41:26.068,INDIAVIX,NSE_INDEX,spot,12.09,,,,0,0,12.19,12.67,10.81,12.19
2026-08-05T15:41:26.665,NIFTY25AUG26FUT,NFO,future,24637.0,24636.7,24637.0,0.3,2950675,12362545,24715.0,24740.0,24565.0,24555.6
2026-08-05T15:41:27.176,SENSEX27AUG26FUT,BFO,future,78820.0,78767.85,78832.95,65.1,24280,36180,78932.0,79211.3,78612.9,78652.85
2026-08-05T15:41:27.720,NIFTY,NSE_INDEX,spot,24624.65,,,,0,0,24669.2,24677.6,24497.95,24614.9
2026-08-05T15:41:28.276,SENSEX,BSE_INDEX,spot,78581.0,,,,0,0,79055.38,79055.38,78285.74,78428.95
2026-08-05T15:41:28.822,INDIAVIX,NSE_INDEX,spot,12.09,,,,0,0,12.19,12.67,10.81,12.19
2026-08-05T15:41:29.368,NIFTY25AUG26FUT,NFO,future,24637.0,24636.7,24637.0,0.3,2950675,12362545,24715.0,24740.0,24565.0,24555.6
2026-08-05T15:41:29.919,SENSEX27AUG26FUT,BFO,future,78820.0,78767.85,78832.95,65.1,24280,36180,78932.0,79211.3,78612.9,78652.85
2026-08-05T15:41:30.470,NIFTY,NSE_INDEX,spot,24624.65,,,,0,0,24669.2,24677.6,24497.95,24614.9
2026-08-05T15:41:31.021,SENSEX,BSE_INDEX,spot,78581.0,,,,0,0,79055.38,79055.38,78285.74,78428.95
2026-08-05T15:41:31.568,INDIAVIX,NSE_INDEX,spot,12.09,,,,0,0,12.19,12.67,10.81,12.19
2026-08-05T15:41:32.119,NIFTY25AUG26FUT,NFO,future,24637.0,24636.7,24637.0,0.3,2950675,12362545,24715.0,24740.0,24565.0,24555.6
2026-08-05T15:41:32.669,SENSEX27AUG26FUT,BFO,future,78820.0,78767.85,78832.95,65.1,24280,36180,78932.0,79211.3,78612.9,78652.85
2026-08-05T15:41:33.222,NIFTY,NSE_INDEX,spot,24624.65,,,,0,0,24669.2,24677.6,24497.95,24614.9
2026-08-05T15:41:33.779,SENSEX,BSE_INDEX,spot,78581.0,,,,0,0,79055.38,79055.38,78285.74,78428.95
2026-08-05T15:41:34.329,INDIAVIX,NSE_INDEX,spot,12.09,,,,0,0,12.19,12.67,10.81,12.19
2026-08-05T15:41:34.870,NIFTY25AUG26FUT,NFO,future,24637.0,24636.7,24637.0,0.3,2950675,12362545,24715.0,24740.0,24565.0,24555.6
2026-08-05T15:41:35.423,SENSEX27AUG26FUT,BFO,future,78820.0,78767.85,78832.95,65.1,24280,36180,78932.0,79211.3,78612.9,78652.85
2026-08-05T15:41:35.971,NIFTY,NSE_INDEX,spot,24624.65,,,,0,0,24669.2,24677.6,24497.95,24614.9
2026-08-05T15:41:36.519,SENSEX,BSE_INDEX,spot,78581.0,,,,0,0,79055.38,79055.38,78285.74,78428.95
2026-08-05T15:41:37.070,INDIAVIX,NSE_INDEX,spot,12.09,,,,0,0,12.19,12.67,10.81,12.19
2026-08-05T15:41:37.617,NIFTY25AUG26FUT,NFO,future,24637.0,24636.7,24637.0,0.3,2950675,12362545,24715.0,24740.0,24565.0,24555.6
2026-08-05T15:41:38.171,SENSEX27AUG26FUT,BFO,future,78820.0,78767.85,78832.95,65.1,24280,36180,78932.0,79211.3,78612.9,78652.85
2026-08-05T15:41:38.723,NIFTY,NSE_INDEX,spot,24624.65,,,,0,0,24669.2,24677.6,24497.95,24614.9
2026-08-05T15:41:39.272,SENSEX,BSE_INDEX,spot,78581.0,,,,0,0,79055.38,79055.38,78285.74,78428.95
2026-08-05T15:41:39.818,INDIAVIX,NSE_INDEX,spot,12.09,,,,0,0,12.19,12.67,10.81,12.19
2026-08-05T15:41:40.379,NIFTY25AUG26FUT,NFO,future,24637.0,24636.7,24637.0,0.3,2950675,12362545,24715.0,24740.0,24565.0,24555.6
2026-08-05T15:41:40.920,SENSEX27AUG26FUT,BFO,future,78820.0,78767.85,78832.95,65.1,24280,36180,78932.0,79211.3,78612.9,78652.85
2026-08-05T15:41:41.467,NIFTY,NSE_INDEX,spot,24624.65,,,,0,0,24669.2,24677.6,24497.95,24614.9
2026-08-05T15:41:42.018,SENSEX,BSE_INDEX,spot,78581.0,,,,0,0,79055.38,79055.38,78285.74,78428.95
2026-08-05T15:41:42.567,INDIAVIX,NSE_INDEX,spot,12.09,,,,0,0,12.19,12.67,10.81,12.19
2026-08-05T15:41:43.119,NIFTY25AUG26FUT,NFO,future,24637.0,24636.7,24637.0,0.3,2950675,12362545,24715.0,24740.0,24565.0,24555.6
2026-08-05T15:41:43.675,SENSEX27AUG26FUT,BFO,future,78820.0,78767.85,78832.95,65.1,24280,36180,78932.0,79211.3,78612.9,78652.85
2026-08-05T15:41:44.222,NIFTY,NSE_INDEX,spot,24624.65,,,,0,0,24669.2,24677.6,24497.95,24614.9
2026-08-05T15:41:44.769,SENSEX,BSE_INDEX,spot,78581.0,,,,0,0,79055.38,79055.38,78285.74,78428.95
2026-08-05T15:41:45.334,INDIAVIX,NSE_INDEX,spot,12.09,,,,0,0,12.19,12.67,10.81,12.19
2026-08-05T15:41:45.872,NIFTY25AUG26FUT,NFO,future,24637.0,24636.7,24637.0,0.3,2950675,12362545,24715.0,24740.0,24565.0,24555.6
2026-08-05T15:41:46.417,SENSEX27AUG26FUT,BFO,future,78820.0,78767.85,78832.95,65.1,24280,36180,78932.0,79211.3,78612.9,78652.85
2026-08-05T15:41:46.967,NIFTY,NSE_INDEX,spot,24624.65,,,,0,0,24669.2,24677.6,24497.95,24614.9
2026-08-05T15:41:47.519,SENSEX,BSE_INDEX,spot,78581.0,,,,0,0,79055.38,79055.38,78285.74,78428.95
2026-08-05T15:41:48.068,INDIAVIX,NSE_INDEX,spot,12.09,,,,0,0,12.19,12.67,10.81,12.19
2026-08-05T15:41:48.617,NIFTY25AUG26FUT,NFO,future,24637.0,24636.7,24637.0,0.3,2950675,12362545,24715.0,24740.0,24565.0,24555.6
2026-08-05T15:41:49.199,SENSEX27AUG26FUT,BFO,future,78820.0,78767.85,78832.95,65.1,24280,36180,78932.0,79211.3,78612.9,78652.85
2026-08-05T15:41:49.717,NIFTY,NSE_INDEX,spot,24624.65,,,,0,0,24669.2,24677.6,24497.95,24614.9
2026-08-05T15:41:50.270,SENSEX,BSE_INDEX,spot,78581.0,,,,0,0,79055.38,79055.38,78285.74,78428.95
2026-08-05T15:41:50.820,INDIAVIX,NSE_INDEX,spot,12.09,,,,0,0,12.19,12.67,10.81,12.19
2026-08-05T15:41:51.368,NIFTY25AUG26FUT,NFO,future,24637.0,24636.7,24637.0,0.3,2950675,12362545,24715.0,24740.0,24565.0,24555.6
2026-08-05T15:41:51.921,SENSEX27AUG26FUT,BFO,future,78820.0,78767.85,78832.95,65.1,24280,36180,78932.0,79211.3,78612.9,78652.85
2026-08-05T15:41:52.472,NIFTY,NSE_INDEX,spot,24624.65,,,,0,0,24669.2,24677.6,24497.95,24614.9
2026-08-05T15:41:53.021,SENSEX,BSE_INDEX,spot,78581.0,,,,0,0,79055.38,79055.38,78285.74,78428.95
2026-08-05T15:41:53.571,INDIAVIX,NSE_INDEX,spot,12.09,,,,0,0,12.19,12.67,10.81,12.19
2026-08-05T15:41:54.128,NIFTY25AUG26FUT,NFO,future,24637.0,24636.7,24637.0,0.3,2950675,12362545,24715.0,24740.0,24565.0,24555.6
2026-08-05T15:41:54.676,SENSEX27AUG26FUT,BFO,future,78820.0,78767.85,78832.95,65.1,24280,36180,78932.0,79211.3,78612.9,78652.85
2026-08-05T15:41:55.221,NIFTY,NSE_INDEX,spot,24624.65,,,,0,0,24669.2,24677.6,24497.95,24614.9
2026-08-05T15:41:55.776,SENSEX,BSE_INDEX,spot,78581.0,,,,0,0,79055.38,79055.38,78285.74,78428.95
2026-08-05T15:41:56.320,INDIAVIX,NSE_INDEX,spot,12.09,,,,0,0,12.19,12.67,10.81,12.19
2026-08-05T15:41:56.870,NIFTY25AUG26FUT,NFO,future,24637.0,24636.7,24637.0,0.3,2950675,12362545,24715.0,24740.0,24565.0,24555.6
2026-08-05T15:41:57.417,SENSEX27AUG26FUT,BFO,future,78820.0,78767.85,78832.95,65.1,24280,36180,78932.0,79211.3,78612.9,78652.85
2026-08-05T15:41:57.970,NIFTY,NSE_INDEX,spot,24624.65,,,,0,0,24669.2,24677.6,24497.95,24614.9
2026-08-05T15:41:58.529,SENSEX,BSE_INDEX,spot,78581.0,,,,0,0,79055.38,79055.38,78285.74,78428.95
2026-08-05T15:41:59.072,INDIAVIX,NSE_INDEX,spot,12.09,,,,0,0,12.19,12.67,10.81,12.19
2026-08-05T15:41:59.620,NIFTY25AUG26FUT,NFO,future,24637.0,24636.7,24637.0,0.3,2950675,12362545,24715.0,24740.0,24565.0,24555.6
2026-08-05T15:42:00.171,SENSEX27AUG26FUT,BFO,future,78820.0,78767.85,78832.95,65.1,24280,36180,78932.0,79211.3,78612.9,78652.85
2026-08-05T15:42:00.718,NIFTY,NSE_INDEX,spot,24624.65,,,,0,0,24669.2,24677.6,24497.95,24614.9
2026-08-05T15:42:01.271,SENSEX,BSE_INDEX,spot,78581.0,,,,0,0,79055.38,79055.38,78285.74,78428.95
2026-08-05T15:42:01.819,INDIAVIX,NSE_INDEX,spot,12.09,,,,0,0,12.19,12.67,10.81,12.19
2026-08-05T15:42:02.369,NIFTY25AUG26FUT,NFO,future,24637.0,24636.7,24637.0,0.3,2950675,12362545,24715.0,24740.0,24565.0,24555.6
2026-08-05T15:42:02.930,SENSEX27AUG26FUT,BFO,future,78820.0,78767.85,78832.95,65.1,24280,36180,78932.0,79211.3,78612.9,78652.85
2026-08-05T15:42:03.470,NIFTY,NSE_INDEX,spot,24624.65,,,,0,0,24669.2,24677.6,24497.95,24614.9
2026-08-05T15:42:04.018,SENSEX,BSE_INDEX,spot,78581.0,,,,0,0,79055.38,79055.38,78285.74,78428.95
2026-08-05T15:42:04.572,INDIAVIX,NSE_INDEX,spot,12.09,,,,0,0,12.19,12.67,10.81,12.19
2026-08-05T15:42:05.222,NIFTY25AUG26FUT,NFO,future,24637.0,24636.7,24637.0,0.3,2950675,12362545,24715.0,24740.0,24565.0,24555.6
2026-08-05T15:42:05.779,SENSEX27AUG26FUT,BFO,future,78820.0,78767.85,78832.95,65.1,24280,36180,78932.0,79211.3,78612.9,78652.85
2026-08-05T15:42:06.220,NIFTY,NSE_INDEX,spot,24624.65,,,,0,0,24669.2,24677.6,24497.95,24614.9
2026-08-05T15:42:06.769,SENSEX,BSE_INDEX,spot,78581.0,,,,0,0,79055.38,79055.38,78285.74,78428.95
2026-08-05T15:42:07.323,INDIAVIX,NSE_INDEX,spot,12.09,,,,0,0,12.19,12.67,10.81,12.19
2026-08-05T15:42:07.913,NIFTY25AUG26FUT,NFO,future,24637.0,24636.7,24637.0,0.3,2950675,12362545,24715.0,24740.0,24565.0,24555.6
2026-08-05T15:42:08.553,SENSEX27AUG26FUT,BFO,future,78820.0,78767.85,78832.95,65.1,24280,36180,78932.0,79211.3,78612.9,78652.85
2026-08-05T15:42:09.119,NIFTY,NSE_INDEX,spot,24624.65,,,,0,0,24669.2,24677.6,24497.95,24614.9
2026-08-05T15:42:09.560,SENSEX,BSE_INDEX,spot,78581.0,,,,0,0,79055.38,79055.38,78285.74,78428.95
2026-08-05T15:42:10.069,INDIAVIX,NSE_INDEX,spot,12.09,,,,0,0,12.19,12.67,10.81,12.19
2026-08-05T15:42:10.619,NIFTY25AUG26FUT,NFO,future,24637.0,24636.7,24637.0,0.3,2950675,12362545,24715.0,24740.0,24565.0,24555.6
2026-08-05T15:42:11.181,SENSEX27AUG26FUT,BFO,future,78820.0,78767.85,78832.95,65.1,24280,36180,78932.0,79211.3,78612.9,78652.85
2026-08-05T15:42:11.719,NIFTY,NSE_INDEX,spot,24624.65,,,,0,0,24669.2,24677.6,24497.95,24614.9
2026-08-05T15:42:12.271,SENSEX,BSE_INDEX,spot,78581.0,,,,0,0,79055.38,79055.38,78285.74,78428.95
2026-08-05T15:42:12.822,INDIAVIX,NSE_INDEX,spot,12.09,,,,0,0,12.19,12.67,10.81,12.19
2026-08-05T15:42:13.374,NIFTY25AUG26FUT,NFO,future,24637.0,24636.7,24637.0,0.3,2950675,12362545,24715.0,24740.0,24565.0,24555.6
2026-08-05T15:42:13.924,SENSEX27AUG26FUT,BFO,future,78820.0,78767.85,78832.95,65.1,24280,36180,78932.0,79211.3,78612.9,78652.85
2026-08-05T15:42:14.469,NIFTY,NSE_INDEX,spot,24624.65,,,,0,0,24669.2,24677.6,24497.95,24614.9
2026-08-05T15:42:15.019,SENSEX,BSE_INDEX,spot,78581.0,,,,0,0,79055.38,79055.38,78285.74,78428.95
2026-08-05T15:42:15.568,INDIAVIX,NSE_INDEX,spot,12.09,,,,0,0,12.19,12.67,10.81,12.19
2026-08-05T15:42:16.118,NIFTY25AUG26FUT,NFO,future,24637.0,24636.7,24637.0,0.3,2950675,12362545,24715.0,24740.0,24565.0,24555.6
2026-08-05T15:42:16.669,SENSEX27AUG26FUT,BFO,future,78820.0,78767.85,78832.95,65.1,24280,36180,78932.0,79211.3,78612.9,78652.85
2026-08-05T15:42:17.220,NIFTY,NSE_INDEX,spot,24624.65,,,,0,0,24669.2,24677.6,24497.95,24614.9
2026-08-05T15:42:17.769,SENSEX,BSE_INDEX,spot,78581.0,,,,0,0,79055.38,79055.38,78285.74,78428.95
2026-08-05T15:42:18.323,INDIAVIX,NSE_INDEX,spot,12.09,,,,0,0,12.19,12.67,10.81,12.19
2026-08-05T15:42:18.870,NIFTY25AUG26FUT,NFO,future,24637.0,24636.7,24637.0,0.3,2950675,12362545,24715.0,24740.0,24565.0,24555.6
2026-08-05T15:42:19.419,SENSEX27AUG26FUT,BFO,future,78820.0,78767.85,78832.95,65.1,24280,36180,78932.0,79211.3,78612.9,78652.85
2026-08-05T15:42:19.968,NIFTY,NSE_INDEX,spot,24624.65,,,,0,0,24669.2,24677.6,24497.95,24614.9
2026-08-05T15:42:20.520,SENSEX,BSE_INDEX,spot,78581.0,,,,0,0,79055.38,79055.38,78285.74,78428.95
2026-08-05T15:42:21.067,INDIAVIX,NSE_INDEX,spot,12.09,,,,0,0,12.19,12.67,10.81,12.19
2026-08-05T15:42:21.619,NIFTY25AUG26FUT,NFO,future,24637.0,24636.7,24637.0,0.3,2950675,12362545,24715.0,24740.0,24565.0,24555.6
2026-08-05T15:42:22.172,SENSEX27AUG26FUT,BFO,future,78820.0,78767.85,78832.95,65.1,24280,36180,78932.0,79211.3,78612.9,78652.85
2026-08-05T15:42:22.725,NIFTY,NSE_INDEX,spot,24624.65,,,,0,0,24669.2,24677.6,24497.95,24614.9
2026-08-05T15:42:23.267,SENSEX,BSE_INDEX,spot,78581.0,,,,0,0,79055.38,79055.38,78285.74,78428.95
2026-08-05T15:42:23.818,INDIAVIX,NSE_INDEX,spot,12.09,,,,0,0,12.19,12.67,10.81,12.19
2026-08-05T15:42:24.370,NIFTY25AUG26FUT,NFO,future,24637.0,24636.7,24637.0,0.3,2950675,12362545,24715.0,24740.0,24565.0,24555.6
2026-08-05T15:42:24.919,SENSEX27AUG26FUT,BFO,future,78820.0,78767.85,78832.95,65.1,24280,36180,78932.0,79211.3,78612.9,78652.85
2026-08-05T15:42:25.484,NIFTY,NSE_INDEX,spot,24624.65,,,,0,0,24669.2,24677.6,24497.95,24614.9
2026-08-05T15:42:26.022,SENSEX,BSE_INDEX,spot,78581.0,,,,0,0,79055.38,79055.38,78285.74,78428.95
2026-08-05T15:42:26.570,INDIAVIX,NSE_INDEX,spot,12.09,,,,0,0,12.19,12.67,10.81,12.19
2026-08-05T15:42:27.121,NIFTY25AUG26FUT,NFO,future,24637.0,24636.7,24637.0,0.3,2950675,12362545,24715.0,24740.0,24565.0,24555.6
2026-08-05T15:42:27.669,SENSEX27AUG26FUT,BFO,future,78820.0,78767.85,78832.95,65.1,24280,36180,78932.0,79211.3,78612.9,78652.85
2026-08-05T15:42:28.223,NIFTY,NSE_INDEX,spot,24624.65,,,,0,0,24669.2,24677.6,24497.95,24614.9
2026-08-05T15:42:28.769,SENSEX,BSE_INDEX,spot,78581.0,,,,0,0,79055.38,79055.38,78285.74,78428.95
2026-08-05T15:42:29.329,INDIAVIX,NSE_INDEX,spot,12.09,,,,0,0,12.19,12.67,10.81,12.19
2026-08-05T15:42:29.894,NIFTY25AUG26FUT,NFO,future,24637.0,24636.7,24637.0,0.3,2950675,12362545,24715.0,24740.0,24565.0,24555.6
2026-08-05T15:42:30.440,SENSEX27AUG26FUT,BFO,future,78820.0,78767.85,78832.95,65.1,24280,36180,78932.0,79211.3,78612.9,78652.85
2026-08-05T15:42:31.016,NIFTY,NSE_INDEX,spot,24624.65,,,,0,0,24669.2,24677.6,24497.95,24614.9
2026-08-05T15:42:31.517,SENSEX,BSE_INDEX,spot,78581.0,,,,0,0,79055.38,79055.38,78285.74,78428.95
2026-08-05T15:42:32.106,INDIAVIX,NSE_INDEX,spot,12.09,,,,0,0,12.19,12.67,10.81,12.19
2026-08-05T15:42:32.621,NIFTY25AUG26FUT,NFO,future,24637.0,24636.7,24637.0,0.3,2950675,12362545,24715.0,24740.0,24565.0,24555.6
2026-08-05T15:42:33.200,SENSEX27AUG26FUT,BFO,future,78820.0,78767.85,78832.95,65.1,24280,36180,78932.0,79211.3,78612.9,78652.85
2026-08-05T15:42:33.722,NIFTY,NSE_INDEX,spot,24624.65,,,,0,0,24669.2,24677.6,24497.95,24614.9
2026-08-05T15:42:34.271,SENSEX,BSE_INDEX,spot,78581.0,,,,0,0,79055.38,79055.38,78285.74,78428.95
2026-08-05T15:42:34.857,INDIAVIX,NSE_INDEX,spot,12.09,,,,0,0,12.19,12.67,10.81,12.19
2026-08-05T15:42:35.379,NIFTY25AUG26FUT,NFO,future,24637.0,24636.7,24637.0,0.3,2950675,12362545,24715.0,24740.0,24565.0,24555.6
2026-08-05T15:42:35.942,SENSEX27AUG26FUT,BFO,future,78820.0,78767.85,78832.95,65.1,24280,36180,78932.0,79211.3,78612.9,78652.85
2026-08-05T15:42:36.474,NIFTY,NSE_INDEX,spot,24624.65,,,,0,0,24669.2,24677.6,24497.95,24614.9
2026-08-05T15:42:37.020,SENSEX,BSE_INDEX,spot,78581.0,,,,0,0,79055.38,79055.38,78285.74,78428.95
2026-08-05T15:42:37.588,INDIAVIX,NSE_INDEX,spot,12.09,,,,0,0,12.19,12.67,10.81,12.19
2026-08-05T15:42:38.133,NIFTY25AUG26FUT,NFO,future,24637.0,24636.7,24637.0,0.3,2950675,12362545,24715.0,24740.0,24565.0,24555.6
2026-08-05T15:42:38.701,SENSEX27AUG26FUT,BFO,future,78820.0,78767.85,78832.95,65.1,24280,36180,78932.0,79211.3,78612.9,78652.85
2026-08-05T15:42:39.221,NIFTY,NSE_INDEX,spot,24624.65,,,,0,0,24669.2,24677.6,24497.95,24614.9
2026-08-05T15:42:39.823,SENSEX,BSE_INDEX,spot,78581.0,,,,0,0,79055.38,79055.38,78285.74,78428.95
2026-08-05T15:42:40.328,INDIAVIX,NSE_INDEX,spot,12.09,,,,0,0,12.19,12.67,10.81,12.19
2026-08-05T15:42:40.882,NIFTY25AUG26FUT,NFO,future,24637.0,24636.7,24637.0,0.3,2950675,12362545,24715.0,24740.0,24565.0,24555.6
2026-08-05T15:42:41.422,SENSEX27AUG26FUT,BFO,future,78820.0,78767.85,78832.95,65.1,24280,36180,78932.0,79211.3,78612.9,78652.85
2026-08-05T15:42:41.985,NIFTY,NSE_INDEX,spot,24624.65,,,,0,0,24669.2,24677.6,24497.95,24614.9
2026-08-05T15:42:42.522,SENSEX,BSE_INDEX,spot,78581.0,,,,0,0,79055.38,79055.38,78285.74,78428.95
2026-08-05T15:42:43.076,INDIAVIX,NSE_INDEX,spot,12.09,,,,0,0,12.19,12.67,10.81,12.19
2026-08-05T15:42:43.624,NIFTY25AUG26FUT,NFO,future,24637.0,24636.7,24637.0,0.3,2950675,12362545,24715.0,24740.0,24565.0,24555.6
2026-08-05T15:42:44.208,SENSEX27AUG26FUT,BFO,future,78820.0,78767.85,78832.95,65.1,24280,36180,78932.0,79211.3,78612.9,78652.85
2026-08-05T15:42:44.718,NIFTY,NSE_INDEX,spot,24624.65,,,,0,0,24669.2,24677.6,24497.95,24614.9
2026-08-05T15:42:45.272,SENSEX,BSE_INDEX,spot,78581.0,,,,0,0,79055.38,79055.38,78285.74,78428.95
2026-08-05T15:42:45.871,INDIAVIX,NSE_INDEX,spot,12.06,,,,0,0,12.19,12.67,10.81,12.19
2026-08-05T15:42:46.369,NIFTY25AUG26FUT,NFO,future,24637.0,24636.7,24637.0,0.3,2950675,12362545,24715.0,24740.0,24565.0,24555.6
2026-08-05T15:42:46.920,SENSEX27AUG26FUT,BFO,future,78820.0,78767.85,78832.95,65.1,24280,36180,78932.0,79211.3,78612.9,78652.85
2026-08-05T15:42:47.467,NIFTY,NSE_INDEX,spot,24624.65,,,,0,0,24669.2,24677.6,24497.95,24614.9
2026-08-05T15:42:48.020,SENSEX,BSE_INDEX,spot,78581.0,,,,0,0,79055.38,79055.38,78285.74,78428.95
2026-08-05T15:42:48.571,INDIAVIX,NSE_INDEX,spot,12.06,,,,0,0,12.19,12.67,10.81,12.19
2026-08-05T15:42:49.118,NIFTY25AUG26FUT,NFO,future,24637.0,24636.7,24637.0,0.3,2950675,12362545,24715.0,24740.0,24565.0,24555.6
2026-08-05T15:42:49.670,SENSEX27AUG26FUT,BFO,future,78820.0,78767.85,78832.95,65.1,24280,36180,78932.0,79211.3,78612.9,78652.85
2026-08-05T15:42:50.219,NIFTY,NSE_INDEX,spot,24624.65,,,,0,0,24669.2,24677.6,24497.95,24614.9
2026-08-05T15:42:50.821,SENSEX,BSE_INDEX,spot,78581.0,,,,0,0,79055.38,79055.38,78285.74,78428.95
2026-08-05T15:42:51.347,INDIAVIX,NSE_INDEX,spot,12.06,,,,0,0,12.19,12.67,10.81,12.19
2026-08-05T15:42:51.872,NIFTY25AUG26FUT,NFO,future,24637.0,24636.7,24637.0,0.3,2950675,12362545,24715.0,24740.0,24565.0,24555.6
2026-08-05T15:42:52.422,SENSEX27AUG26FUT,BFO,future,78820.0,78767.85,78832.95,65.1,24280,36180,78932.0,79211.3,78612.9,78652.85
2026-08-05T15:42:52.974,NIFTY,NSE_INDEX,spot,24624.65,,,,0,0,24669.2,24677.6,24497.95,24614.9
2026-08-05T15:42:53.534,SENSEX,BSE_INDEX,spot,78581.0,,,,0,0,79055.38,79055.38,78285.74,78428.95
2026-08-05T15:42:54.098,INDIAVIX,NSE_INDEX,spot,12.06,,,,0,0,12.19,12.67,10.81,12.19
2026-08-05T15:42:54.622,NIFTY25AUG26FUT,NFO,future,24637.0,24636.7,24637.0,0.3,2950675,12362545,24715.0,24740.0,24565.0,24555.6
2026-08-05T15:42:55.171,SENSEX27AUG26FUT,BFO,future,78820.0,78767.85,78832.95,65.1,24280,36180,78932.0,79211.3,78612.9,78652.85
2026-08-05T15:42:55.722,NIFTY,NSE_INDEX,spot,24624.65,,,,0,0,24669.2,24677.6,24497.95,24614.9
2026-08-05T15:42:56.271,SENSEX,BSE_INDEX,spot,78581.0,,,,0,0,79055.38,79055.38,78285.74,78428.95
2026-08-05T15:42:56.820,INDIAVIX,NSE_INDEX,spot,12.06,,,,0,0,12.19,12.67,10.81,12.19
2026-08-05T15:42:57.370,NIFTY25AUG26FUT,NFO,future,24637.0,24636.7,24637.0,0.3,2950675,12362545,24715.0,24740.0,24565.0,24555.6
2026-08-05T15:42:57.922,SENSEX27AUG26FUT,BFO,future,78820.0,78767.85,78832.95,65.1,24280,36180,78932.0,79211.3,78612.9,78652.85
2026-08-05T15:42:58.475,NIFTY,NSE_INDEX,spot,24624.65,,,,0,0,24669.2,24677.6,24497.95,24614.9
2026-08-05T15:42:59.034,SENSEX,BSE_INDEX,spot,78581.0,,,,0,0,79055.38,79055.38,78285.74,78428.95
2026-08-05T15:42:59.570,INDIAVIX,NSE_INDEX,spot,12.06,,,,0,0,12.19,12.67,10.81,12.19
2026-08-05T15:43:00.121,NIFTY25AUG26FUT,NFO,future,24637.0,24636.7,24637.0,0.3,2950675,12362545,24715.0,24740.0,24565.0,24555.6
2026-08-05T15:43:00.671,SENSEX27AUG26FUT,BFO,future,78820.0,78767.85,78832.95,65.1,24280,36180,78932.0,79211.3,78612.9,78652.85
2026-08-05T15:43:01.224,NIFTY,NSE_INDEX,spot,24624.65,,,,0,0,24669.2,24677.6,24497.95,24614.9
2026-08-05T15:43:01.798,SENSEX,BSE_INDEX,spot,78581.0,,,,0,0,79055.38,79055.38,78285.74,78428.95
2026-08-05T15:43:02.350,INDIAVIX,NSE_INDEX,spot,12.06,,,,0,0,12.19,12.67,10.81,12.19
2026-08-05T15:43:02.868,NIFTY25AUG26FUT,NFO,future,24637.0,24636.7,24637.0,0.3,2950675,12362545,24715.0,24740.0,24565.0,24555.6
2026-08-05T15:43:03.422,SENSEX27AUG26FUT,BFO,future,78820.0,78767.85,78832.95,65.1,24280,36180,78932.0,79211.3,78612.9,78652.85
2026-08-05T15:43:03.974,NIFTY,NSE_INDEX,spot,24624.65,,,,0,0,24669.2,24677.6,24497.95,24614.9
2026-08-05T15:43:04.520,SENSEX,BSE_INDEX,spot,78581.0,,,,0,0,79055.38,79055.38,78285.74,78428.95
2026-08-05T15:43:05.067,INDIAVIX,NSE_INDEX,spot,12.06,,,,0,0,12.19,12.67,10.81,12.19
2026-08-05T15:43:05.619,NIFTY25AUG26FUT,NFO,future,24637.0,24636.7,24637.0,0.3,2950675,12362545,24715.0,24740.0,24565.0,24555.6
2026-08-05T15:43:06.169,SENSEX27AUG26FUT,BFO,future,78820.0,78767.85,78832.95,65.1,24280,36180,78932.0,79211.3,78612.9,78652.85
2026-08-05T15:43:06.719,NIFTY,NSE_INDEX,spot,24624.65,,,,0,0,24669.2,24677.6,24497.95,24614.9
2026-08-05T15:43:07.267,SENSEX,BSE_INDEX,spot,78581.0,,,,0,0,79055.38,79055.38,78285.74,78428.95
2026-08-05T15:43:07.834,INDIAVIX,NSE_INDEX,spot,12.06,,,,0,0,12.19,12.67,10.81,12.19
2026-08-05T15:43:08.416,NIFTY25AUG26FUT,NFO,future,24637.0,24636.7,24637.0,0.3,2950675,12362545,24715.0,24740.0,24565.0,24555.6
2026-08-05T15:43:08.960,SENSEX27AUG26FUT,BFO,future,78820.0,78767.85,78832.95,65.1,24280,36180,78932.0,79211.3,78612.9,78652.85
2026-08-05T15:43:09.472,NIFTY,NSE_INDEX,spot,24624.65,,,,0,0,24669.2,24677.6,24497.95,24614.9
2026-08-05T15:43:10.020,SENSEX,BSE_INDEX,spot,78581.0,,,,0,0,79055.38,79055.38,78285.74,78428.95
2026-08-05T15:43:10.571,INDIAVIX,NSE_INDEX,spot,12.06,,,,0,0,12.19,12.67,10.81,12.19
2026-08-05T15:43:11.121,NIFTY25AUG26FUT,NFO,future,24637.0,24636.7,24637.0,0.3,2950675,12362545,24715.0,24740.0,24565.0,24555.6
2026-08-05T15:43:11.668,SENSEX27AUG26FUT,BFO,future,78820.0,78767.85,78832.95,65.1,24280,36180,78932.0,79211.3,78612.9,78652.85
2026-08-05T15:43:12.217,NIFTY,NSE_INDEX,spot,24624.65,,,,0,0,24669.2,24677.6,24497.95,24614.9
2026-08-05T15:43:12.770,SENSEX,BSE_INDEX,spot,78581.0,,,,0,0,79055.38,79055.38,78285.74,78428.95
2026-08-05T15:43:13.319,INDIAVIX,NSE_INDEX,spot,12.06,,,,0,0,12.19,12.67,10.81,12.19
2026-08-05T15:43:13.870,NIFTY25AUG26FUT,NFO,future,24637.0,24636.7,24637.0,0.3,2950675,12362545,24715.0,24740.0,24565.0,24555.6
2026-08-05T15:43:14.420,SENSEX27AUG26FUT,BFO,future,78820.0,78767.85,78832.95,65.1,24280,36180,78932.0,79211.3,78612.9,78652.85
2026-08-05T15:43:14.971,NIFTY,NSE_INDEX,spot,24624.65,,,,0,0,24669.2,24677.6,24497.95,24614.9
2026-08-05T15:43:15.520,SENSEX,BSE_INDEX,spot,78581.0,,,,0,0,79055.38,79055.38,78285.74,78428.95
2026-08-05T15:43:16.071,INDIAVIX,NSE_INDEX,spot,12.06,,,,0,0,12.19,12.67,10.81,12.19
2026-08-05T15:43:16.619,NIFTY25AUG26FUT,NFO,future,24637.0,24636.7,24637.0,0.3,2950675,12362545,24715.0,24740.0,24565.0,24555.6
2026-08-05T15:43:17.169,SENSEX27AUG26FUT,BFO,future,78820.0,78767.85,78832.95,65.1,24280,36180,78932.0,79211.3,78612.9,78652.85
2026-08-05T15:43:17.730,NIFTY,NSE_INDEX,spot,24624.65,,,,0,0,24669.2,24677.6,24497.95,24614.9
2026-08-05T15:43:18.270,SENSEX,BSE_INDEX,spot,78581.0,,,,0,0,79055.38,79055.38,78285.74,78428.95
2026-08-05T15:43:18.824,INDIAVIX,NSE_INDEX,spot,12.06,,,,0,0,12.19,12.67,10.81,12.19
2026-08-05T15:43:19.370,NIFTY25AUG26FUT,NFO,future,24637.0,24636.7,24637.0,0.3,2950675,12362545,24715.0,24740.0,24565.0,24555.6
2026-08-05T15:43:19.919,SENSEX27AUG26FUT,BFO,future,78820.0,78767.85,78832.95,65.1,24280,36180,78932.0,79211.3,78612.9,78652.85
2026-08-05T15:43:20.501,NIFTY,NSE_INDEX,spot,24624.65,,,,0,0,24669.2,24677.6,24497.95,24614.9
2026-08-05T15:43:21.017,SENSEX,BSE_INDEX,spot,78581.0,,,,0,0,79055.38,79055.38,78285.74,78428.95
2026-08-05T15:43:21.568,INDIAVIX,NSE_INDEX,spot,12.06,,,,0,0,12.19,12.67,10.81,12.19
2026-08-05T15:43:22.121,NIFTY25AUG26FUT,NFO,future,24637.0,24636.7,24637.0,0.3,2950675,12362545,24715.0,24740.0,24565.0,24555.6
2026-08-05T15:43:22.670,SENSEX27AUG26FUT,BFO,future,78820.0,78767.85,78832.95,65.1,24280,36180,78932.0,79211.3,78612.9,78652.85
2026-08-05T15:43:23.218,NIFTY,NSE_INDEX,spot,24624.65,,,,0,0,24669.2,24677.6,24497.95,24614.9
2026-08-05T15:43:23.771,SENSEX,BSE_INDEX,spot,78581.0,,,,0,0,79055.38,79055.38,78285.74,78428.95
2026-08-05T15:43:24.317,INDIAVIX,NSE_INDEX,spot,12.06,,,,0,0,12.19,12.67,10.81,12.19
2026-08-05T15:43:24.877,NIFTY25AUG26FUT,NFO,future,24637.0,24636.7,24637.0,0.3,2950675,12362545,24715.0,24740.0,24565.0,24555.6
2026-08-05T15:43:25.419,SENSEX27AUG26FUT,BFO,future,78820.0,78767.85,78832.95,65.1,24280,36180,78932.0,79211.3,78612.9,78652.85
2026-08-05T15:43:25.976,NIFTY,NSE_INDEX,spot,24624.65,,,,0,0,24669.2,24677.6,24497.95,24614.9
2026-08-05T15:43:26.518,SENSEX,BSE_INDEX,spot,78581.0,,,,0,0,79055.38,79055.38,78285.74,78428.95
2026-08-05T15:43:27.071,INDIAVIX,NSE_INDEX,spot,12.06,,,,0,0,12.19,12.67,10.81,12.19
2026-08-05T15:43:27.618,NIFTY25AUG26FUT,NFO,future,24637.0,24636.7,24637.0,0.3,2950675,12362545,24715.0,24740.0,24565.0,24555.6
2026-08-05T15:43:28.177,SENSEX27AUG26FUT,BFO,future,78820.0,78767.85,78832.95,65.1,24280,36180,78932.0,79211.3,78612.9,78652.85
2026-08-05T15:43:28.722,NIFTY,NSE_INDEX,spot,24624.65,,,,0,0,24669.2,24677.6,24497.95,24614.9
2026-08-05T15:43:29.277,SENSEX,BSE_INDEX,spot,78581.0,,,,0,0,79055.38,79055.38,78285.74,78428.95
2026-08-05T15:43:29.817,INDIAVIX,NSE_INDEX,spot,12.06,,,,0,0,12.19,12.67,10.81,12.19
2026-08-05T15:43:30.428,NIFTY25AUG26FUT,NFO,future,24637.0,24636.7,24637.0,0.3,2950675,12362545,24715.0,24740.0,24565.0,24555.6
2026-08-05T15:43:30.919,SENSEX27AUG26FUT,BFO,future,78820.0,78767.85,78832.95,65.1,24280,36180,78932.0,79211.3,78612.9,78652.85
2026-08-05T15:43:31.468,NIFTY,NSE_INDEX,spot,24624.65,,,,0,0,24669.2,24677.6,24497.95,24614.9
2026-08-05T15:43:32.019,SENSEX,BSE_INDEX,spot,78581.0,,,,0,0,79055.38,79055.38,78285.74,78428.95
2026-08-05T15:43:32.601,INDIAVIX,NSE_INDEX,spot,12.06,,,,0,0,12.19,12.67,10.81,12.19
2026-08-05T15:43:33.183,NIFTY25AUG26FUT,NFO,future,24637.0,24636.7,24637.0,0.3,2950675,12362545,24715.0,24740.0,24565.0,24555.6
2026-08-05T15:43:33.677,SENSEX27AUG26FUT,BFO,future,78820.0,78767.85,78832.95,65.1,24280,36180,78932.0,79211.3,78612.9,78652.85
2026-08-05T15:43:34.229,NIFTY,NSE_INDEX,spot,24624.65,,,,0,0,24669.2,24677.6,24497.95,24614.9
2026-08-05T15:43:34.780,SENSEX,BSE_INDEX,spot,78581.0,,,,0,0,79055.38,79055.38,78285.74,78428.95
2026-08-05T15:43:35.322,INDIAVIX,NSE_INDEX,spot,12.06,,,,0,0,12.19,12.67,10.81,12.19
2026-08-05T15:43:35.873,NIFTY25AUG26FUT,NFO,future,24637.0,24636.7,24637.0,0.3,2950675,12362545,24715.0,24740.0,24565.0,24555.6
2026-08-05T15:43:36.422,SENSEX27AUG26FUT,BFO,future,78820.0,78767.85,78832.95,65.1,24280,36180,78932.0,79211.3,78612.9,78652.85
2026-08-05T15:43:36.974,NIFTY,NSE_INDEX,spot,24624.65,,,,0,0,24669.2,24677.6,24497.95,24614.9
2026-08-05T15:43:37.526,SENSEX,BSE_INDEX,spot,78581.0,,,,0,0,79055.38,79055.38,78285.74,78428.95
2026-08-05T15:43:38.078,INDIAVIX,NSE_INDEX,spot,12.06,,,,0,0,12.19,12.67,10.81,12.19
2026-08-05T15:43:38.627,NIFTY25AUG26FUT,NFO,future,24637.0,24636.7,24637.0,0.3,2950675,12362545,24715.0,24740.0,24565.0,24555.6
2026-08-05T15:43:39.172,SENSEX27AUG26FUT,BFO,future,78820.0,78767.85,78832.95,65.1,24280,36180,78932.0,79211.3,78612.9,78652.85
2026-08-05T15:43:39.721,NIFTY,NSE_INDEX,spot,24624.65,,,,0,0,24669.2,24677.6,24497.95,24614.9
2026-08-05T15:43:40.276,SENSEX,BSE_INDEX,spot,78581.0,,,,0,0,79055.38,79055.38,78285.74,78428.95
2026-08-05T15:43:40.822,INDIAVIX,NSE_INDEX,spot,12.06,,,,0,0,12.19,12.67,10.81,12.19
2026-08-05T15:43:41.372,NIFTY25AUG26FUT,NFO,future,24637.0,24636.7,24637.0,0.3,2950675,12362545,24715.0,24740.0,24565.0,24555.6
2026-08-05T15:43:41.945,SENSEX27AUG26FUT,BFO,future,78820.0,78767.85,78832.95,65.1,24280,36180,78932.0,79211.3,78612.9,78652.85
2026-08-05T15:43:42.475,NIFTY,NSE_INDEX,spot,24624.65,,,,0,0,24669.2,24677.6,24497.95,24614.9
2026-08-05T15:43:43.029,SENSEX,BSE_INDEX,spot,78581.0,,,,0,0,79055.38,79055.38,78285.74,78428.95
2026-08-05T15:43:43.579,INDIAVIX,NSE_INDEX,spot,12.06,,,,0,0,12.19,12.67,10.81,12.19
2026-08-05T15:43:44.126,NIFTY25AUG26FUT,NFO,future,24637.0,24636.7,24637.0,0.3,2950675,12362545,24715.0,24740.0,24565.0,24555.6
2026-08-05T15:43:44.678,SENSEX27AUG26FUT,BFO,future,78820.0,78767.85,78832.95,65.1,24280,36180,78932.0,79211.3,78612.9,78652.85
2026-08-05T15:43:45.226,NIFTY,NSE_INDEX,spot,24624.65,,,,0,0,24669.2,24677.6,24497.95,24614.9
2026-08-05T15:43:45.777,SENSEX,BSE_INDEX,spot,78581.0,,,,0,0,79055.38,79055.38,78285.74,78428.95
2026-08-05T15:43:46.324,INDIAVIX,NSE_INDEX,spot,12.06,,,,0,0,12.19,12.67,10.81,12.19
2026-08-05T15:43:46.895,NIFTY25AUG26FUT,NFO,future,24637.0,24636.7,24637.0,0.3,2950675,12362545,24715.0,24740.0,24565.0,24555.6
2026-08-05T15:43:47.429,SENSEX27AUG26FUT,BFO,future,78820.0,78767.85,78832.95,65.1,24280,36180,78932.0,79211.3,78612.9,78652.85
2026-08-05T15:43:47.974,NIFTY,NSE_INDEX,spot,24624.65,,,,0,0,24669.2,24677.6,24497.95,24614.9
2026-08-05T15:43:48.523,SENSEX,BSE_INDEX,spot,78581.0,,,,0,0,79055.38,79055.38,78285.74,78428.95
2026-08-05T15:43:49.074,INDIAVIX,NSE_INDEX,spot,12.06,,,,0,0,12.19,12.67,10.81,12.19
2026-08-05T15:43:49.623,NIFTY25AUG26FUT,NFO,future,24637.0,24636.7,24637.0,0.3,2950675,12362545,24715.0,24740.0,24565.0,24555.6
2026-08-05T15:43:50.177,SENSEX27AUG26FUT,BFO,future,78820.0,78767.85,78832.95,65.1,24280,36180,78932.0,79211.3,78612.9,78652.85
2026-08-05T15:43:50.724,NIFTY,NSE_INDEX,spot,24624.65,,,,0,0,24669.2,24677.6,24497.95,24614.9
2026-08-05T15:43:51.276,SENSEX,BSE_INDEX,spot,78581.0,,,,0,0,79055.38,79055.38,78285.74,78428.95
2026-08-05T15:43:51.821,INDIAVIX,NSE_INDEX,spot,12.06,,,,0,0,12.19,12.67,10.81,12.19
2026-08-05T15:43:52.374,NIFTY25AUG26FUT,NFO,future,24637.0,24636.7,24637.0,0.3,2950675,12362545,24715.0,24740.0,24565.0,24555.6
2026-08-05T15:43:52.936,SENSEX27AUG26FUT,BFO,future,78820.0,78767.85,78832.95,65.1,24280,36180,78932.0,79211.3,78612.9,78652.85
2026-08-05T15:43:53.477,NIFTY,NSE_INDEX,spot,24624.65,,,,0,0,24669.2,24677.6,24497.95,24614.9
2026-08-05T15:43:54.026,SENSEX,BSE_INDEX,spot,78581.0,,,,0,0,79055.38,79055.38,78285.74,78428.95
2026-08-05T15:43:54.581,INDIAVIX,NSE_INDEX,spot,12.06,,,,0,0,12.19,12.67,10.81,12.19
2026-08-05T15:43:55.124,NIFTY25AUG26FUT,NFO,future,24637.0,24636.7,24637.0,0.3,2950675,12362545,24715.0,24740.0,24565.0,24555.6
2026-08-05T15:43:55.675,SENSEX27AUG26FUT,BFO,future,78820.0,78767.85,78832.95,65.1,24280,36180,78932.0,79211.3,78612.9,78652.85
2026-08-05T15:43:56.224,NIFTY,NSE_INDEX,spot,24624.65,,,,0,0,24669.2,24677.6,24497.95,24614.9
2026-08-05T15:43:56.775,SENSEX,BSE_INDEX,spot,78581.0,,,,0,0,79055.38,79055.38,78285.74,78428.95
2026-08-05T15:43:57.329,INDIAVIX,NSE_INDEX,spot,12.06,,,,0,0,12.19,12.67,10.81,12.19
2026-08-05T15:43:57.874,NIFTY25AUG26FUT,NFO,future,24637.0,24636.7,24637.0,0.3,2950675,12362545,24715.0,24740.0,24565.0,24555.6
2026-08-05T15:43:58.430,SENSEX27AUG26FUT,BFO,future,78820.0,78767.85,78832.95,65.1,24280,36180,78932.0,79211.3,78612.9,78652.85
2026-08-05T15:43:58.973,NIFTY,NSE_INDEX,spot,24624.65,,,,0,0,24669.2,24677.6,24497.95,24614.9
2026-08-05T15:43:59.524,SENSEX,BSE_INDEX,spot,78581.0,,,,0,0,79055.38,79055.38,78285.74,78428.95
2026-08-05T15:44:00.084,INDIAVIX,NSE_INDEX,spot,12.06,,,,0,0,12.19,12.67,10.81,12.19
2026-08-05T15:44:00.626,NIFTY25AUG26FUT,NFO,future,24637.0,24636.7,24637.0,0.3,2950675,12362545,24715.0,24740.0,24565.0,24555.6
2026-08-05T15:44:01.181,SENSEX27AUG26FUT,BFO,future,78820.0,78767.85,78832.95,65.1,24280,36180,78932.0,79211.3,78612.9,78652.85
2026-08-05T15:44:01.739,NIFTY,NSE_INDEX,spot,24624.65,,,,0,0,24669.2,24677.6,24497.95,24614.9
2026-08-05T15:44:02.276,SENSEX,BSE_INDEX,spot,78581.0,,,,0,0,79055.38,79055.38,78285.74,78428.95
2026-08-05T15:44:02.878,INDIAVIX,NSE_INDEX,spot,12.06,,,,0,0,12.19,12.67,10.81,12.19
2026-08-05T15:44:03.373,NIFTY25AUG26FUT,NFO,future,24637.0,24636.7,24637.0,0.3,2950675,12362545,24715.0,24740.0,24565.0,24555.6
2026-08-05T15:44:03.982,SENSEX27AUG26FUT,BFO,future,78820.0,78767.85,78832.95,65.1,24280,36180,78932.0,79211.3,78612.9,78652.85
2026-08-05T15:44:04.472,NIFTY,NSE_INDEX,spot,24624.65,,,,0,0,24669.2,24677.6,24497.95,24614.9
2026-08-05T15:44:05.021,SENSEX,BSE_INDEX,spot,78581.0,,,,0,0,79055.38,79055.38,78285.74,78428.95
2026-08-05T15:44:05.574,INDIAVIX,NSE_INDEX,spot,12.06,,,,0,0,12.19,12.67,10.81,12.19
2026-08-05T15:44:06.138,NIFTY25AUG26FUT,NFO,future,24637.0,24636.7,24637.0,0.3,2950675,12362545,24715.0,24740.0,24565.0,24555.6
2026-08-05T15:44:06.678,SENSEX27AUG26FUT,BFO,future,78820.0,78767.85,78832.95,65.1,24280,36180,78932.0,79211.3,78612.9,78652.85
2026-08-05T15:44:07.263,NIFTY,NSE_INDEX,spot,24624.65,,,,0,0,24669.2,24677.6,24497.95,24614.9
2026-08-05T15:44:07.773,SENSEX,BSE_INDEX,spot,78581.0,,,,0,0,79055.38,79055.38,78285.74,78428.95
2026-08-05T15:44:08.324,INDIAVIX,NSE_INDEX,spot,12.06,,,,0,0,12.19,12.67,10.81,12.19
2026-08-05T15:44:08.898,NIFTY25AUG26FUT,NFO,future,24637.0,24636.7,24637.0,0.3,2950675,12362545,24715.0,24740.0,24565.0,24555.6
2026-08-05T15:44:09.424,SENSEX27AUG26FUT,BFO,future,78820.0,78767.85,78832.95,65.1,24280,36180,78932.0,79211.3,78612.9,78652.85
2026-08-05T15:44:09.973,NIFTY,NSE_INDEX,spot,24624.65,,,,0,0,24669.2,24677.6,24497.95,24614.9
2026-08-05T15:44:10.522,SENSEX,BSE_INDEX,spot,78581.0,,,,0,0,79055.38,79055.38,78285.74,78428.95
2026-08-05T15:44:11.076,INDIAVIX,NSE_INDEX,spot,12.06,,,,0,0,12.19,12.67,10.81,12.19
2026-08-05T15:44:11.868,NIFTY25AUG26FUT,NFO,future,24637.0,24636.7,24637.0,0.3,2950675,12362545,24715.0,24740.0,24565.0,24555.6
2026-08-05T15:44:12.307,SENSEX27AUG26FUT,BFO,future,78820.0,78767.85,78832.95,65.1,24280,36180,78932.0,79211.3,78612.9,78652.85
2026-08-05T15:44:12.776,NIFTY,NSE_INDEX,spot,24624.65,,,,0,0,24669.2,24677.6,24497.95,24614.9
2026-08-05T15:44:13.276,SENSEX,BSE_INDEX,spot,78581.0,,,,0,0,79055.38,79055.38,78285.74,78428.95
2026-08-05T15:44:13.883,INDIAVIX,NSE_INDEX,spot,12.06,,,,0,0,12.19,12.67,10.81,12.19
2026-08-05T15:44:14.428,NIFTY25AUG26FUT,NFO,future,24637.0,24636.7,24637.0,0.3,2950675,12362545,24715.0,24740.0,24565.0,24555.6
2026-08-05T15:44:14.925,SENSEX27AUG26FUT,BFO,future,78820.0,78767.85,78832.95,65.1,24280,36180,78932.0,79211.3,78612.9,78652.85
2026-08-05T15:44:15.519,NIFTY,NSE_INDEX,spot,24624.65,,,,0,0,24669.2,24677.6,24497.95,24614.9
2026-08-05T15:44:16.025,SENSEX,BSE_INDEX,spot,78581.0,,,,0,0,79055.38,79055.38,78285.74,78428.95
2026-08-05T15:44:16.572,INDIAVIX,NSE_INDEX,spot,12.06,,,,0,0,12.19,12.67,10.81,12.19
2026-08-05T15:44:17.130,NIFTY25AUG26FUT,NFO,future,24637.0,24636.7,24637.0,0.3,2950675,12362545,24715.0,24740.0,24565.0,24555.6
2026-08-05T15:44:17.679,SENSEX27AUG26FUT,BFO,future,78820.0,78767.85,78832.95,65.1,24280,36180,78932.0,79211.3,78612.9,78652.85
2026-08-05T15:44:18.222,NIFTY,NSE_INDEX,spot,24624.65,,,,0,0,24669.2,24677.6,24497.95,24614.9
2026-08-05T15:44:18.776,SENSEX,BSE_INDEX,spot,78581.0,,,,0,0,79055.38,79055.38,78285.74,78428.95
2026-08-05T15:44:19.338,INDIAVIX,NSE_INDEX,spot,12.06,,,,0,0,12.19,12.67,10.81,12.19
2026-08-05T15:44:19.879,NIFTY25AUG26FUT,NFO,future,24637.0,24636.7,24637.0,0.3,2950675,12362545,24715.0,24740.0,24565.0,24555.6
2026-08-05T15:44:20.423,SENSEX27AUG26FUT,BFO,future,78820.0,78767.85,78832.95,65.1,24280,36180,78932.0,79211.3,78612.9,78652.85
2026-08-05T15:44:20.973,NIFTY,NSE_INDEX,spot,24624.65,,,,0,0,24669.2,24677.6,24497.95,24614.9
2026-08-05T15:44:21.531,SENSEX,BSE_INDEX,spot,78581.0,,,,0,0,79055.38,79055.38,78285.74,78428.95
2026-08-05T15:44:22.112,INDIAVIX,NSE_INDEX,spot,12.06,,,,0,0,12.19,12.67,10.81,12.19
2026-08-05T15:44:22.623,NIFTY25AUG26FUT,NFO,future,24637.0,24636.7,24637.0,0.3,2950675,12362545,24715.0,24740.0,24565.0,24555.6
2026-08-05T15:44:23.171,SENSEX27AUG26FUT,BFO,future,78820.0,78767.85,78832.95,65.1,24280,36180,78932.0,79211.3,78612.9,78652.85
2026-08-05T15:44:23.733,NIFTY,NSE_INDEX,spot,24624.65,,,,0,0,24669.2,24677.6,24497.95,24614.9
2026-08-05T15:44:24.276,SENSEX,BSE_INDEX,spot,78581.0,,,,0,0,79055.38,79055.38,78285.74,78428.95
2026-08-05T15:44:24.855,INDIAVIX,NSE_INDEX,spot,12.06,,,,0,0,12.19,12.67,10.81,12.19
2026-08-05T15:44:25.426,NIFTY25AUG26FUT,NFO,future,24637.0,24636.7,24637.0,0.3,2950675,12362545,24715.0,24740.0,24565.0,24555.6
2026-08-05T15:44:25.929,SENSEX27AUG26FUT,BFO,future,78820.0,78767.85,78832.95,65.1,24280,36180,78932.0,79211.3,78612.9,78652.85
2026-08-05T15:44:26.482,NIFTY,NSE_INDEX,spot,24624.65,,,,0,0,24669.2,24677.6,24497.95,24614.9
2026-08-05T15:44:27.024,SENSEX,BSE_INDEX,spot,78581.0,,,,0,0,79055.38,79055.38,78285.74,78428.95
2026-08-05T15:44:27.575,INDIAVIX,NSE_INDEX,spot,12.06,,,,0,0,12.19,12.67,10.81,12.19
2026-08-05T15:44:28.124,NIFTY25AUG26FUT,NFO,future,24637.0,24636.7,24637.0,0.3,2950675,12362545,24715.0,24740.0,24565.0,24555.6
2026-08-05T15:44:28.673,SENSEX27AUG26FUT,BFO,future,78820.0,78767.85,78832.95,65.1,24280,36180,78932.0,79211.3,78612.9,78652.85
2026-08-05T15:44:29.230,NIFTY,NSE_INDEX,spot,24624.65,,,,0,0,24669.2,24677.6,24497.95,24614.9
2026-08-05T15:44:29.775,SENSEX,BSE_INDEX,spot,78581.0,,,,0,0,79055.38,79055.38,78285.74,78428.95
2026-08-05T15:44:30.334,INDIAVIX,NSE_INDEX,spot,12.06,,,,0,0,12.19,12.67,10.81,12.19
2026-08-05T15:44:30.874,NIFTY25AUG26FUT,NFO,future,24637.0,24636.7,24637.0,0.3,2950675,12362545,24715.0,24740.0,24565.0,24555.6
2026-08-05T15:44:31.424,SENSEX27AUG26FUT,BFO,future,78820.0,78767.85,78832.95,65.1,24280,36180,78932.0,79211.3,78612.9,78652.85
2026-08-05T15:44:31.974,NIFTY,NSE_INDEX,spot,24624.65,,,,0,0,24669.2,24677.6,24497.95,24614.9
2026-08-05T15:44:32.528,SENSEX,BSE_INDEX,spot,78581.0,,,,0,0,79055.38,79055.38,78285.74,78428.95
2026-08-05T15:44:33.073,INDIAVIX,NSE_INDEX,spot,12.06,,,,0,0,12.19,12.67,10.81,12.19
2026-08-05T15:44:33.623,NIFTY25AUG26FUT,NFO,future,24637.0,24636.7,24637.0,0.3,2950675,12362545,24715.0,24740.0,24565.0,24555.6
2026-08-05T15:44:34.177,SENSEX27AUG26FUT,BFO,future,78820.0,78767.85,78832.95,65.1,24280,36180,78932.0,79211.3,78612.9,78652.85
2026-08-05T15:44:34.730,NIFTY,NSE_INDEX,spot,24624.65,,,,0,0,24669.2,24677.6,24497.95,24614.9
2026-08-05T15:44:35.294,SENSEX,BSE_INDEX,spot,78581.0,,,,0,0,79055.38,79055.38,78285.74,78428.95
2026-08-05T15:44:35.826,INDIAVIX,NSE_INDEX,spot,12.06,,,,0,0,12.19,12.67,10.81,12.19
2026-08-05T15:44:36.377,NIFTY25AUG26FUT,NFO,future,24637.0,24636.7,24637.0,0.3,2950675,12362545,24715.0,24740.0,24565.0,24555.6
2026-08-05T15:44:36.923,SENSEX27AUG26FUT,BFO,future,78820.0,78767.85,78832.95,65.1,24280,36180,78932.0,79211.3,78612.9,78652.85
2026-08-05T15:44:37.477,NIFTY,NSE_INDEX,spot,24624.65,,,,0,0,24669.2,24677.6,24497.95,24614.9
2026-08-05T15:44:38.026,SENSEX,BSE_INDEX,spot,78581.0,,,,0,0,79055.38,79055.38,78285.74,78428.95
2026-08-05T15:44:38.572,INDIAVIX,NSE_INDEX,spot,12.06,,,,0,0,12.19,12.67,10.81,12.19
2026-08-05T15:44:39.125,NIFTY25AUG26FUT,NFO,future,24637.0,24636.7,24637.0,0.3,2950675,12362545,24715.0,24740.0,24565.0,24555.6
2026-08-05T15:44:39.674,SENSEX27AUG26FUT,BFO,future,78820.0,78767.85,78832.95,65.1,24280,36180,78932.0,79211.3,78612.9,78652.85
2026-08-05T15:44:40.226,NIFTY,NSE_INDEX,spot,24624.65,,,,0,0,24669.2,24677.6,24497.95,24614.9
2026-08-05T15:44:40.775,SENSEX,BSE_INDEX,spot,78581.0,,,,0,0,79055.38,79055.38,78285.74,78428.95
2026-08-05T15:44:41.323,INDIAVIX,NSE_INDEX,spot,12.06,,,,0,0,12.19,12.67,10.81,12.19
2026-08-05T15:44:41.871,NIFTY25AUG26FUT,NFO,future,24637.0,24636.7,24637.0,0.3,2950675,12362545,24715.0,24740.0,24565.0,24555.6
2026-08-05T15:44:42.428,SENSEX27AUG26FUT,BFO,future,78820.0,78767.85,78832.95,65.1,24280,36180,78932.0,79211.3,78612.9,78652.85
2026-08-05T15:44:42.974,NIFTY,NSE_INDEX,spot,24624.65,,,,0,0,24669.2,24677.6,24497.95,24614.9
2026-08-05T15:44:43.522,SENSEX,BSE_INDEX,spot,78581.0,,,,0,0,79055.38,79055.38,78285.74,78428.95
2026-08-05T15:44:44.072,INDIAVIX,NSE_INDEX,spot,12.06,,,,0,0,12.19,12.67,10.81,12.19
2026-08-05T15:44:44.621,NIFTY25AUG26FUT,NFO,future,24637.0,24636.7,24637.0,0.3,2950675,12362545,24715.0,24740.0,24565.0,24555.6
2026-08-05T15:44:45.173,SENSEX27AUG26FUT,BFO,future,78820.0,78767.85,78832.95,65.1,24280,36180,78932.0,79211.3,78612.9,78652.85
2026-08-05T15:44:45.740,NIFTY,NSE_INDEX,spot,24624.65,,,,0,0,24669.2,24677.6,24497.95,24614.9
2026-08-05T15:44:46.275,SENSEX,BSE_INDEX,spot,78581.0,,,,0,0,79055.38,79055.38,78285.74,78428.95
2026-08-05T15:44:46.822,INDIAVIX,NSE_INDEX,spot,12.06,,,,0,0,12.19,12.67,10.81,12.19
2026-08-05T15:44:47.374,NIFTY25AUG26FUT,NFO,future,24637.0,24636.7,24637.0,0.3,2950675,12362545,24715.0,24740.0,24565.0,24555.6
2026-08-05T15:44:47.922,SENSEX27AUG26FUT,BFO,future,78820.0,78767.85,78832.95,65.1,24280,36180,78932.0,79211.3,78612.9,78652.85
2026-08-05T15:44:48.475,NIFTY,NSE_INDEX,spot,24624.65,,,,0,0,24669.2,24677.6,24497.95,24614.9
2026-08-05T15:44:49.026,SENSEX,BSE_INDEX,spot,78581.0,,,,0,0,79055.38,79055.38,78285.74,78428.95
2026-08-05T15:44:49.575,INDIAVIX,NSE_INDEX,spot,12.06,,,,0,0,12.19,12.67,10.81,12.19
2026-08-05T15:44:50.124,NIFTY25AUG26FUT,NFO,future,24637.0,24636.7,24637.0,0.3,2950675,12362545,24715.0,24740.0,24565.0,24555.6
2026-08-05T15:44:50.677,SENSEX27AUG26FUT,BFO,future,78820.0,78767.85,78832.95,65.1,24280,36180,78932.0,79211.3,78612.9,78652.85
2026-08-05T15:44:51.232,NIFTY,NSE_INDEX,spot,24624.65,,,,0,0,24669.2,24677.6,24497.95,24614.9
2026-08-05T15:44:51.773,SENSEX,BSE_INDEX,spot,78581.0,,,,0,0,79055.38,79055.38,78285.74,78428.95
2026-08-05T15:44:52.329,INDIAVIX,NSE_INDEX,spot,12.06,,,,0,0,12.19,12.67,10.81,12.19
2026-08-05T15:44:52.873,NIFTY25AUG26FUT,NFO,future,24637.0,24636.7,24637.0,0.3,2950675,12362545,24715.0,24740.0,24565.0,24555.6
2026-08-05T15:44:53.424,SENSEX27AUG26FUT,BFO,future,78820.0,78767.85,78832.95,65.1,24280,36180,78932.0,79211.3,78612.9,78652.85
2026-08-05T15:44:53.994,NIFTY,NSE_INDEX,spot,24624.65,,,,0,0,24669.2,24677.6,24497.95,24614.9
2026-08-05T15:44:54.521,SENSEX,BSE_INDEX,spot,78581.0,,,,0,0,79055.38,79055.38,78285.74,78428.95
2026-08-05T15:44:55.074,INDIAVIX,NSE_INDEX,spot,12.06,,,,0,0,12.19,12.67,10.81,12.19
2026-08-05T15:44:55.623,NIFTY25AUG26FUT,NFO,future,24637.0,24636.7,24637.0,0.3,2950675,12362545,24715.0,24740.0,24565.0,24555.6
2026-08-05T15:44:56.176,SENSEX27AUG26FUT,BFO,future,78820.0,78767.85,78832.95,65.1,24280,36180,78932.0,79211.3,78612.9,78652.85
2026-08-05T15:44:56.726,NIFTY,NSE_INDEX,spot,24624.65,,,,0,0,24669.2,24677.6,24497.95,24614.9
2026-08-05T15:44:57.272,SENSEX,BSE_INDEX,spot,78581.0,,,,0,0,79055.38,79055.38,78285.74,78428.95
2026-08-05T15:44:57.821,INDIAVIX,NSE_INDEX,spot,12.06,,,,0,0,12.19,12.67,10.81,12.19
2026-08-05T15:44:58.375,NIFTY25AUG26FUT,NFO,future,24637.0,24636.7,24637.0,0.3,2950675,12362545,24715.0,24740.0,24565.0,24555.6
2026-08-05T15:44:58.925,SENSEX27AUG26FUT,BFO,future,78820.0,78767.85,78832.95,65.1,24280,36180,78932.0,79211.3,78612.9,78652.85
2026-08-05T15:44:59.477,NIFTY,NSE_INDEX,spot,24624.65,,,,0,0,24669.2,24677.6,24497.95,24614.9
2026-08-05T15:45:00.021,SENSEX,BSE_INDEX,spot,78581.0,,,,0,0,79055.38,79055.38,78285.74,78428.95
2026-08-05T15:45:00.571,INDIAVIX,NSE_INDEX,spot,12.06,,,,0,0,12.19,12.67,10.81,12.19
2026-08-05T15:45:01.123,NIFTY25AUG26FUT,NFO,future,24637.0,24636.7,24637.0,0.3,2950675,12362545,24715.0,24740.0,24565.0,24555.6
2026-08-05T15:45:01.674,SENSEX27AUG26FUT,BFO,future,78820.0,78767.85,78832.95,65.1,24280,36180,78932.0,79211.3,78612.9,78652.85
